f2,f2,f9,fc,fc,fc,fc,f9,f2,f2,f2,f9,fc,fe,ff,f5,ff,fa,fe,ff,fa,ff,ff,ff,f7,fc,fa,ff,fa,f4,fe,fb,f3,f4,ff,f5,f2,fc,ff,ff,f9,ff,f7,fa,ff,fc,f4,f9,fc,fc,fe,fe,f9,f9,f9,f9,f9,fc,fc,fc
f4,f5,f2,fc,fc,fc,fe,fc,f9,f4,f5,f5,f2,c7,b6,eb,b1,d5,d5,b5,ed,b6,c3,b5,dd,ed,b2,c3,d9,f2,b5,b5,e9,d5,b5,f3,dd,b6,c5,c7,eb,42,eb,e9,30,fc,f4,f7,fc,f9,f5,fc,f9,f5,f5,f5,f5,f5,f9,f4
f5,f5,f4,f5,f9,f5,fc,f9,fc,f5,f5,f5,f5,ed,a8,c3,c3,b2,b6,d9,ed,b6,b5,b2,eb,eb,b2,b5,d9,f2,b6,c7,b2,c5,b3,f3,b5,d9,fe,fe,eb,42,b6,b7,13,fc,f3,f2,f9,f5,f9,f9,fc,fc,f3,f2,f2,f9,f9,f2
f5,f4,f2,f5,f9,f9,f9,f5,f9,f9,f5,f9,f2,f2,c6,b2,eb,c3,b5,f2,eb,b6,d5,b6,d5,f2,b2,b7,cd,ed,b6,d5,eb,b5,b5,f4,dd,b5,c3,c7,eb,b1,ed,e9,a8,fa,f7,f2,f2,f9,f9,f9,f9,f7,f9,fc,f7,f5,f9,f5
f2,ed,f2,f3,f3,f3,f4,f2,f4,ed,f4,f2,f4,f2,f2,ed,f2,f7,ed,f7,f2,f5,f2,f2,ed,f2,ed,f2,f2,ed,f2,f2,f5,fc,f2,f9,f5,fc,f5,f5,f5,f2,f9,f5,f2,f5,f5,f5,f5,f5,f7,f4,ed,ed,f2,f2,f7,f3,f4,f7
c7,c7,c6,c7,c7,c7,c6,c6,c7,c7,c6,c6,c6,c7,c6,c6,c6,c6,c6,c6,c6,c6,c6,c6,c6,c6,c6,c7,c6,c7,c6,c7,c6,c7,c7,c6,c7,c7,c6,c6,c7,c6,c6,c6,c6,c6,c7,c6,c6,c7,c6,c6,c6,c5,c5,c5,c5,c5,c5,c5
86,3b,31,a0,86,39,36,39,42,86,36,86,42,37,37,42,37,37,37,36,42,39,2a,30,37,39,36,42,2f,2f,2f,2f,2f,42,42,42,36,42,42,2f,42,37,42,36,2f,42,42,36,42,2f,37,37,37,37,37,30,17,32,32,86
3d,2c,17,9,20,2,2a,16,29,40,31,39,86,20,30,36,16,20,2a,20,37,13,37,37,30,20,13,36,30,30,27,42,36,42,2f,36,42,42,42,2f,37,2f,27,2f,2f,42,36,27,27,2f,37,30,39,2a,13,23,13,30,31,32
41,2b,2a,16,20,6,37,20,31,38,39,9,30,36,20,36,37,37,37,13,30,13,13,6,30,13,13,37,13,30,30,13,37,23,13,37,27,27,37,86,39,36,37,42,42,42,2f,2f,37,37,37,2f,30,2a,9,37,13,13,20,3b
32,2b,31,30,20,13,20,13,2a,37,37,31,1c,20,30,40,30,30,37,37,30,30,13,0,13,20,30,39,a,13,30,30,30,b1,e9,dd,dd,d7,b6,42,30,30,13,37,20,2f,2f,30,23,37,37,16,16,28,b,2b,30,13,16,18
b5,b,2a,9,16,9,2a,2a,20,1c,20,38,20,31,4,16,39,31,9,16,13,13,13,2,0,13,37,2f,27,6,2,13,b1,eb,be,b9,b9,bc,d5,d7,d7,c6,13,37,42,13,23,13,13,37,36,9,16,29,28,18,30,30,37,32
3e,34,3e,17,9,17,1,9,9,16,37,16,13,16,2b,39,86,3b,2b,2b,30,13,6,37,2,13,13,2f,27,13,37,42,d9,d1,bb,bb,bb,bb,bb,bb,bb,d1,d7,dd,c3,42,30,30,13,37,30,36,27,28,2b,2b,40,30,20,2b
2e,98,2e,17,17,9,13,13,9,9,20,16,16,c,2c,17,b,32,2b,2b,30,13,6,6,13,13,13,27,27,13,30,30,f1,c5,b9,bb,bb,bb,bb,bb,bb,bb,bb,b9,d1,d7,df,c7,b1,13,37,20,36,3b,83,2b,2a,30,16,3b
4c,50,15,33,8,3a,3a,1e,12,12,38,39,11,2b,28,16,20,a,13,13,13,30,13,30,13,13,13,20,2f,42,32,1f,b5,f5,d8,d8,be,bc,b9,bb,bb,bb,bb,bb,bb,bb,b9,be,dd,d5,d5,b6,86,36,36,37,9,38,17,2e
58,50,14,c,8,3a,22,3c,21,21,22,12,7,32,2d,28,16,30,20,2a,20,37,16,20,37,30,39,2a,36,2f,40,37,c7,d8,bf,c0,d2,e0,d8,d1,b9,bb,bb,bb,bb,be,bb,bb,bb,bb,be,d1,d7,d7,b1,30,a,1d,3a,3e
3d,80,c,12,1e,39,21,21,2a,1d,12,b,11,16,2a,2b,9,b,b,c,32,2a,2a,31,31,31,31,3a,32,40,30,b5,e0,bf,c0,bf,bf,bf,bf,d8,e0,dd,d1,bb,bb,bb,be,bb,bb,bd,bd,bb,b9,d5,dd,42,36,9,14,3d
22,1e,11,11,11,11,21,21,3a,1d,22,11,11,1e,1e,12,3,c,35,15,2c,b,32,9,17,32,32,3b,5e,42,42,df,d2,c0,bf,bf,bf,c0,bf,e0,b7,b2,c6,d7,df,d1,b9,bb,bb,bb,bb,bb,bb,bb,df,c3,13,20,1f,50
32,8,21,4,9,9,1e,1e,3a,22,3a,12,3a,12,1e,8,24,24,14,87,32,2f,29,2b,33,24,a0,2f,2d,42,d7,d2,bf,c0,c0,c0,bf,bf,d8,c6,40,3b,41,40,b3,c3,d9,dd,d1,bb,bb,bb,bb,bb,bc,e9,42,16,26,69
17,b,17,9,2b,17,b,12,7,1d,11,11,22,3a,17,b,17,2b,17,17,38,2f,2f,2d,1f,86,42,a0,19,c6,d8,c0,c0,c0,bf,bf,bf,d4,d7,37,30,40,31,40,86,86,16,b1,c3,d5,d1,d1,bb,bb,b9,f1,b5,2b,58,69
32,32,17,32,b,b,4,1,11,22,11,1e,1e,2a,39,2a,9,16,16,16,1d,2f,2f,28,24,2f,c5,d7,dd,f1,d2,bf,c0,c0,c0,bf,be,df,86,3c,42,3b,40,86,86,2a,2a,28,5e,34,5e,c7,d7,dd,df,c6,42,2b,58,50
2b,17,17,32,b,2b,7,7,11,8,7,7,12,37,30,30,1c,13,13,6,1c,31,27,18,2a,c5,dd,bb,bb,be,d2,d8,d8,d2,bf,bf,e0,b6,40,42,5b,36,39,86,86,41,83,b1,5b,2f,24,1a,19,b1,c3,42,86,32,33,82
17,32,b,b,32,b,1d,11,11,22,11,21,3a,6,13,20,13,13,13,2,10,9,28,15,b1,df,bb,bb,bb,bb,bb,b9,be,d2,d8,d8,dd,b2,37,86,2f,39,2f,2a,86,3b,2f,2d,16,39,2f,27,83,32,32,34,40,3b,34,4a
2b,32,17,4,17,4,22,1e,1e,12,12,12,24,1d,30,2a,16,9,17,8,1a,32,54,5e,c7,d1,bb,bb,bb,bb,bb,bb,bb,bb,bb,be,d2,dd,d5,c5,b1,42,28,3a,3f,2b,2f,29,2b,39,2f,3b,3b,18,2c,34,24,25,57,64
32,2b,17,2b,41,9,1e,24,8,22,24,24,33,3a,20,2a,2b,8,2b,28,39,83,5d,8e,b6,dd,d8,d1,bb,bb,be,bb,bb,bb,bb,bb,bb,b9,bb,d2,d8,d7,d1,b6,2f,37,40,20,31,2a,31,40,32,2b,32,32,34,53,68,74
2c,34,32,3e,83,2c,24,33,12,24,8,12,1e,32,32,2c,2c,41,52,2e,2c,51,8b,65,b1,dd,d2,d8,e0,d2,d1,bb,bb,bb,bb,be,bb,bb,bb,bb,bb,b9,be,d7,dd,d5,b6,a7,30,42,37,38,3e,54,34,3e,2e,68,6d,76
2c,34,18,34,3e,3e,3d,3f,3c,24,24,3a,3a,3b,3b,34,2c,52,57,57,4a,5a,90,5c,d1,d8,bf,c0,bf,d2,d8,d8,d4,be,bb,bb,bb,bb,bb,bb,bb,bb,be,bb,b9,be,d7,dd,d7,c3,b1,39,24,34,54,34,53,60,74,79
34,2c,2c,34,3e,18,34,3b,3c,14,33,33,3f,52,3e,56,52,55,5d,6e,6d,8b,8e,b1,df,d2,c0,bf,c0,c0,c0,d2,d5,e9,f1,d7,d1,bb,bb,bb,bb,bb,be,bd,bd,bb,bb,bb,bc,df,c3,2c,d,2e,2e,45,4a,6e,6d,a9
3e,34,34,2b,32,2b,2b,3b,32,41,34,3f,86,68,6f,6e,68,6f,68,6d,ab,9c,6d,dd,d2,c0,c0,bf,c0,c0,bf,d7,c5,ec,db,e4,ee,df,d8,d2,bb,bb,be,be,bb,be,bb,d1,df,d7,42,3d,26,25,34,2e,3d,56,5d,ab
2c,c,b,17,b,32,2b,17,32,3e,3e,2e,57,75,75,77,77,75,75,a5,8b,ab,d5,d4,bf,bf,c0,c0,c0,c0,e0,b7,ea,db,db,d6,da,42,37,b7,d5,dd,d1,d1,d7,dd,dd,c5,42,29,2b,33,7f,37,2d,2e,3e,41,4a,89
2c,34,2c,18,b,17,2b,34,34,34,e,53,6e,94,76,aa,94,7a,94,aa,9c,c3,e0,bf,bf,c0,c0,c0,c0,d8,d5,e3,e3,ea,db,de,b1,70,42,5e,77,a8,c3,c5,b1,3a,7d,7f,39,3f,52,34,2a,2f,41,e,3e,3e,5a,75
56,18,2c,18,9,2b,34,52,52,88,55,5d,68,73,94,94,a9,a9,a9,aa,b5,e0,bf,c0,bf,bf,c0,c0,d4,d7,d6,db,db,db,de,b7,a7,a0,77,a0,2d,55,84,53,a0,41,5b,42,42,5e,5b,5b,54,34,2b,52,34,83,a0,a2
68,2e,18,18,18,52,52,51,a1,6e,60,73,6d,76,a9,ad,ad,ab,b1,e9,e0,d8,bf,bf,bf,c0,c0,bf,f1,ed,ec,d6,ce,ea,c7,a6,a4,5c,6f,56,3d,64,a2,5a,77,5e,5e,54,3e,41,3e,54,2e,52,52,15,35,35,53,73
60,4a,2b,18,25,52,4a,45,55,6c,6f,a5,74,a2,a9,7b,ad,ac,c7,d7,bb,d1,d8,d4,d2,d2,bf,e0,ea,e3,dc,ea,ea,eb,c3,a7,5a,6f,a4,56,52,8f,8f,a3,6f,51,5c,52,3e,34,41,41,34,3e,2e,3d,33,58,67,79
6d,55,34,2c,25,25,2e,25,57,88,90,77,a2,76,ad,7b,93,c3,e9,bb,bb,bb,be,bb,d1,e0,e0,ea,de,ec,e3,db,ea,ea,c7,a6,6f,6d,6f,57,a4,6d,aa,a3,a4,8a,a4,8a,83,41,56,52,2e,3e,4a,5c,34,35,6b,a9
6d,53,34,34,2e,25,34,3e,3f,54,53,77,a5,a2,7a,ad,93,c7,e0,d4,bf,bb,bb,bb,bb,bb,b9,d1,d4,de,ea,d6,ea,dd,b2,a6,70,a2,8f,89,6e,60,75,6f,68,5d,5d,56,83,83,52,41,3e,3e,52,56,3e,35,4d,91
6e,57,3e,34,52,57,2e,41,2e,5c,5d,90,90,ac,a9,ad,a5,c7,d8,d2,d8,e0,d4,be,b9,bb,bb,bb,bb,bb,bc,df,e9,c7,b2,a6,a3,a2,7a,a3,60,6e,89,89,6e,5c,87,86,3e,34,3e,3e,2c,41,5c,53,5c,58,67,79
90,57,53,5c,41,3e,52,56,57,51,6e,75,8f,a3,ad,ae,b5,e0,bf,bf,c0,bf,bf,d2,f1,df,d1,bc,bb,bb,bb,bb,bb,d7,d9,a0,8a,6c,6c,6d,68,68,68,5d,8a,41,98,3e,3e,34,3e,34,e,45,6e,48,5d,85,73,95
6e,68,57,56,41,83,87,5a,55,55,6e,89,90,a5,a5,b2,df,bf,bf,c0,c0,c0,bf,d2,dd,dd,ec,f0,d7,d1,bc,d1,dd,b6,a7,5a,54,6f,53,56,88,6e,89,5d,87,86,86,98,83,32,3e,41,53,53,55,89,6e,6a,93,ad
a1,55,57,56,52,3e,68,90,48,6f,90,8a,5d,9a,99,c6,d8,bf,c0,c0,c0,c0,bf,e0,c7,ea,d6,ce,ea,d3,d9,c5,2f,83,5b,5b,5e,83,3b,3e,87,5d,6e,5d,57,3e,3e,34,3e,3e,41,3e,56,88,57,5d,89,8d,93,95
89,6e,53,57,52,3e,68,6d,55,45,53,5c,5c,ac,b7,eb,d7,bf,c0,c0,bf,bf,d8,d3,ec,db,db,de,cd,5e,5e,5b,a0,54,2f,2f,42,40,32,4f,56,6e,5d,5d,57,2c,34,1e,3e,3e,2e,3e,45,53,53,55,6f,8d,92,95
53,57,4a,50,59,52,3e,56,64,45,41,28,52,ae,ea,ce,db,ea,e0,d2,bf,d2,dd,d5,d6,d6,d6,eb,a7,42,29,54,5e,42,41,39,39,31,2b,34,34,83,3e,34,34,3b,17,2b,2a,2b,41,3e,56,56,53,4d,4c,8a,85,93
59,84,50,50,47,4c,3f,6e,64,2e,2a,40,98,d9,db,e4,e7,ce,ca,ce,ea,e9,b2,5f,b5,c5,da,b2,42,29,5b,5b,5b,54,3b,17,32,31,2b,3b,2b,32,2b,32,3b,9,2a,2a,2b,32,34,3e,3e,2c,35,59,4c,82,50,8c
35,50,50,4f,35,15,4a,68,6d,34,37,86,b7,f0,f0,db,ce,ce,e4,e4,e3,c3,42,5e,5b,3b,40,2f,41,54,55,51,54,3e,3b,40,b,32,b,32,3b,b,2b,32,17,9,31,32,2b,39,3b,34,25,2e,35,50,4c,59,59,8c
50,4c,59,15,47,47,3e,2e,68,3d,40,ab,ea,ec,db,ce,db,e4,db,ea,c5,70,5b,2f,5e,8c,1b,30,32,34,56,3f,2b,30,2b,17,16,b,16,39,2b,2b,2a,17,32,9,17,2b,9,9,3e,34,2c,52,53,50,50,4c,4d,8c
50,59,66,50,25,15,34,1e,2b,40,3e,ea,ea,ce,ce,db,dc,ce,d6,de,a0,80,4e,65,10,23,54,31,16,32,2b,2a,37,37,2a,17,9,9,2b,17,2b,9,9,9,16,1,17,17,4,9,9,2b,2c,2c,58,4c,47,50,85,93
44,47,e,50,2e,2c,26,25,2d,54,cd,ec,ce,ce,e4,db,ce,ce,ea,b2,41,40,41,83,3f,34,25,32,17,22,17,3b,17,32,21,1d,21,7,11,11,11,7,6,6,20,1c,21,21,16,1e,22,38,7,1e,4f,4c,4c,84,66,93
44,47,25,14,24,3c,1d,37,31,b7,f0,d6,db,e4,db,ce,db,ec,c5,48,41,3b,34,4f,34,2e,2e,3b,17,3b,4,2b,31,32,1d,1e,12,11,11,7,21,1d,7,37,20,10,10,1d,8,7,11,11,21,1e,3d,50,25,58,50,ac
e,15,24,2c,24,3c,71,8a,86,ea,ce,db,e4,ce,ce,e4,ea,cd,a7,37,41,41,41,3e,98,57,5c,32,17,2b,9,32,3b,2a,1d,22,1e,9,2,11,1d,7,6,10,1c,6,6,7,12,1e,1e,11,12,12,24,3d,3d,3d,59,6b
c,c,14,1e,1e,1d,37,37,de,db,db,e4,db,ce,db,ea,eb,a6,5c,38,39,4f,41,45,57,55,89,2b,32,2a,2b,2b,3b,3a,21,1d,7,1d,12,12,3,2,1d,6,20,10,6,7,7,1,9,7,1d,12,12,14,33,22,35,85
d,11,10,37,31,1a,23,c7,e4,e4,d6,ce,db,e4,db,ea,c3,57,74,5a,41,3f,3d,25,24,35,4f,3c,3a,22,3f,33,2b,b,1d,11,7,1d,7,2,11,6,11,10,10,7,6,7,22,8,8,12,12,22,14,d,24,33,4f,6a
15,14,1b,1f,f,f,b1,ea,db,db,ce,db,e4,db,de,cd,39,56,6d,51,2e,24,26,3c,24,14,24,22,22,3a,c,33,24,c,21,21,10,6,11,10,7,6,6,2,0,11,2,1d,3d,86,12,1e,1,8,d,15,3d,24,4c,49
4d,d,19,f,1a,7f,de,ea,db,ce,db,dc,db,db,d6,a7,42,36,5c,3e,3d,3d,7f,3a,33,3d,8,3d,3a,3a,3a,3c,3c,22,37,1d,11,7,11,1c,2,6,2,2,0,0,11,21,12,12,22,12,22,1e,1e,14,24,33,35,66
15,d,d,2b,2f,dd,f1,d6,ce,db,db,db,db,ee,b2,86,41,6c,56,41,3d,3f,3d,22,3a,3c,1e,24,33,33,24,33,3a,3,6,2,7,11,7,2,6,2,1c,1c,2,0,1,7,7,2,8,8,7,1d,8,22,22,22,14,50
1a,f,c,27,b2,e0,bf,d2,d8,ea,db,ce,ec,c3,42,54,5a,41,3b,34,3b,33,3a,3d,3a,22,7f,3a,33,3c,7f,3a,1e,3c,11,7,11,2,10,6,0,1,2,6,0,2,2,0,6,6,6,7,2,6,7,1e,12,21,1e,35
1a,19,14,2f,b6,e0,bf,bf,c0,bf,d2,e0,d9,21,31,32,32,3b,2c,2c,3e,41,34,2c,34,32,34,32,32,32,17,17,16,31,17,17,17,9,2,2,2,0,2,6,2,7,7,2,1d,1c,10,4,9,7,3,3,5,1a,5,26
12,f,5,30,86,d7,e0,bf,bf,bf,d2,eb,a8,86,86,32,22,32,34,80,3e,41,34,2b,32,32,2c,31,32,2a,32,16,b,16,9,9,17,2a,20,13,2,0,6,6,10,11,2,2,1,7,11,6,6,1d,1b,f,f,1a,f,f
17,12,5,1b,37,13,b5,c6,dd,d7,c5,42,39,a8,a8,16,32,32,18,34,33,24,34,2c,41,3a,17,b,2b,2b,31,3b,2a,2a,18,9,9,16,9,1,13,10,13,2,2,2,6,10,11,6,7,10,10,20,21,c,1e,1d,12,24
34,16,37,9,2b,41,3,3,3c,3a,5e,2f,2a,37,37,2b,b,22,41,3b,3d,3a,3e,32,41,41,34,39,2b,b,41,32,17,41,18,9,9,13,9,0,2,1c,4,2,9,11,1d,1c,0,11,1d,13,21,13,12,25,b,2a,17,18
3d,41,39,16,2d,41,5b,27,29,28,16,36,2a,31,30,39,17,32,2b,3e,2c,41,56,3e,83,3e,98,41,3e,32,31,31,31,3b,2c,28,17,17,17,9,9,10,2,2,10,37,30,30,16,13,2a,80,21,31,32,18,32,31,32,3e
34,41,86,3b,3a,3b,28,31,39,28,16,2a,16,9,9,27,16,16,16,16,9,b,9,9,b,b,b,b,28,1,13,13,9,1,6,0,1,1,0,1,0,0,1,0,0,0,1,6,0,0,2,2,0,2,4,9,4,2,4,4
f6,fa,f5,f7,f7,f2,f4,ff,ff,ff,fc,fe,ff,fe,fa,ff,ff,f7,f7,ff,fc,ff,ff,ff,f8,fd,ff,fe,fe,fd,ff,ff,fd,f2,fc,fe,f9,ff,ff,ff,fd,fb,f7,f4,f8,ff,ff,fc,ff,fe,fe,ff,fe,fe,fc,fc,fe,fc,f8,d9
eb,f3,f3,f7,f7,ed,cd,b2,b6,eb,f2,d5,a6,da,ed,c3,b5,f8,d9,b7,f6,b5,b6,b7,e9,f3,b6,dd,f2,dd,b2,b7,eb,dd,b5,b7,eb,b7,a7,b7,e9,ac,e9,e9,b5,b7,d5,e9,b5,f3,c3,d9,f9,fc,fc,fc,fc,f9,f6,e9
f7,f7,f9,f2,f2,eb,86,ed,fc,fc,ed,a8,c6,b7,f8,b7,c3,b5,c7,b6,fc,b1,da,e9,b1,f9,a8,dd,f2,d9,a4,c3,f7,d5,b2,c6,f3,eb,a8,eb,eb,50,e9,b7,cd,fb,fc,e9,b1,b2,d5,ff,fb,f8,f9,f2,f9,f9,f7,ed
ed,f2,f2,f2,eb,f2,c5,b6,c3,eb,c5,b7,c5,a8,dd,b6,dd,dd,a8,b6,f4,b1,c5,b6,c7,f3,b2,c5,d9,d9,8a,d5,f2,d5,d5,b5,d9,e9,a7,e9,eb,80,e9,d9,b2,c6,d9,dd,42,e9,a7,e9,fd,f7,f9,f9,fc,fc,f7,eb
ed,f2,f3,f4,f7,f2,f4,ff,f7,ff,fe,fe,f7,fc,f4,fc,fa,f2,f4,ed,f7,eb,eb,fa,fc,f9,ed,ed,fa,fa,ed,eb,f5,fc,e9,eb,f7,f2,e9,f2,fa,eb,f4,f2,f9,eb,f5,fc,ed,fc,fc,ed,fc,f5,fc,fc,fe,fc,f6,eb
d9,d9,d9,da,da,da,da,da,dd,dd,e9,e9,e9,e9,dd,e9,e9,e9,e9,e9,e9,e9,dd,dd,e9,e9,e9,e9,e9,e9,e9,e9,e9,e9,e9,e9,e9,e9,dd,dd,da,da,da,da,da,da,da,da,da,dd,e9,e9,e9,e9,e9,e9,e9,eb,e9,e9
63,6d,55,45,50,52,57,57,5d,5c,8a,57,5d,89,a6,a6,ab,ac,ab,a5,a5,6d,ab,94,ab,a1,a5,a5,a4,88,87,5a,87,87,87,87,56,2c,34,3b,2e,4a,4a,50,7d,7e,46,7d,4e,58,5e,a0,88,90,a3,77,a3,8a,7b,61
95,71,49,48,44,4c,4d,4d,4d,48,59,59,82,67,6b,92,8e,93,ac,ae,aa,ab,aa,ae,93,9c,ab,a5,a5,a5,a4,88,5c,5a,52,56,56,52,52,3e,22,16,32,41,4f,56,14,33,2e,4f,56,98,5d,90,89,a5,a5,ae,af,af
78,72,4d,35,d,4f,84,50,59,84,4f,81,82,6a,66,49,6a,8c,ab,ac,ab,a9,ad,b5,c5,c3,c3,c3,c3,c3,c3,c5,c5,c5,61,68,59,50,56,34,24,32,16,34,c,33,34,3c,17,3e,52,5d,8a,8a,a1,ab,ab,ae,af,af
79,93,8c,58,25,33,59,48,66,85,4f,4c,50,50,4c,50,50,69,a2,aa,ae,ad,ae,b5,ea,ce,c2,c2,c2,c2,c2,ce,ea,d5,7d,37,59,33,c,c,14,3d,15,33,25,35,2c,33,18,25,53,89,a1,77,ab,a1,94,ad,af,7c
95,91,48,3d,58,35,50,59,82,85,4c,47,50,50,15,25,55,66,6b,93,aa,a9,95,95,b2,c4,e4,ca,cc,c9,cc,ea,c3,a7,64,4e,71,33,14,e,14,25,24,25,25,35,15,25,15,47,55,6e,6e,90,ab,a1,aa,ab,af,af
61,91,66,41,33,4f,4c,50,82,82,50,50,4c,59,4c,4c,4c,49,67,92,8e,8e,8e,84,77,a6,d6,c9,c2,c2,e1,c3,95,8a,70,61,31,33,2c,24,c,c,3e,50,4d,4d,4d,48,44,47,15,55,6e,6f,a1,a4,a9,ad,ae,af
78,63,49,24,3d,25,4c,48,4d,48,82,4d,47,4c,4c,15,4c,49,60,66,85,8d,6a,a2,8a,70,e3,c9,c9,c9,cb,c7,97,86,70,8b,6a,33,15,35,c,14,35,4c,44,66,4d,4d,4d,47,53,4a,51,68,a4,8a,ab,a9,ae,af
71,5f,4a,1e,24,24,4f,48,4d,66,4d,44,4d,4c,25,d,25,47,44,4c,25,59,4f,50,82,4e,e7,c2,c9,c9,c9,e3,51,72,79,71,81,66,4d,59,47,4c,50,59,47,59,59,59,53,47,41,3e,52,57,a4,90,94,ad,af,af
78,5f,45,3d,35,15,25,47,4d,4d,66,48,48,50,33,35,35,47,47,59,50,50,15,45,42,5f,e3,c9,c2,c2,cc,d9,a3,9b,9c,7b,59,66,69,66,44,4c,4c,50,59,59,59,59,50,50,34,2e,5c,57,a5,8a,ab,ad,af,af
95,72,57,47,44,15,62,48,66,66,66,6a,59,47,24,35,58,4c,47,35,4c,4c,47,46,30,a9,af,e7,e4,e7,cd,b2,a9,8b,ad,7b,80,6b,8b,4d,4d,4c,50,4c,82,50,4c,50,59,4c,35,4c,4d,44,4d,67,aa,ad,af,ad
78,63,48,66,73,6b,6b,48,59,4a,44,44,4c,50,33,2c,4f,47,d,47,25,47,4c,78,32,b7,e4,c2,c2,c2,ca,d9,ab,af,ad,93,69,6b,60,4d,66,50,50,15,47,35,4c,15,47,4c,46,65,4b,4b,69,65,94,ad,af,af
7b,92,52,48,72,8c,49,4d,4d,44,48,48,53,52,2e,25,4a,4c,50,81,50,4f,53,2b,41,e3,c2,9f,9f,c2,9f,db,c3,8e,70,ad,af,8c,66,4d,48,4c,47,d,35,4c,50,47,82,50,4b,4b,46,46,4b,4b,76,ad,af,af
7b,44,25,4f,4d,49,44,62,63,73,45,55,89,88,57,6e,45,48,4d,62,66,48,48,78,86,da,c2,9f,c2,c2,c2,db,c5,a9,8e,59,95,6b,62,65,44,d,4c,50,35,d,15,4c,4c,50,4c,52,48,43,48,67,68,7b,af,af
78,60,2e,25,48,67,67,6b,79,ae,6d,64,6d,60,a2,6d,68,59,4d,48,65,48,4d,26,2e,ae,ea,ca,c2,c2,d0,d6,a6,ad,78,46,91,67,67,50,59,15,47,59,50,47,4c,59,4c,47,84,4c,69,4d,44,67,5c,94,af,af
78,63,55,50,48,62,60,60,71,91,6d,6d,64,64,64,73,55,4d,66,48,6a,48,47,2b,5e,ac,ec,e2,d0,e2,e7,d5,5e,7b,78,65,69,62,6a,4d,46,4c,4c,4f,50,4c,35,50,25,4c,47,50,50,48,48,67,6c,95,af,af
79,6b,6e,4d,6a,8e,73,63,79,73,68,88,6d,55,55,53,6a,6a,66,4d,65,50,4b,8b,56,5f,e7,cf,d0,cc,e7,b5,7b,77,97,53,6c,62,4d,85,4d,50,84,47,50,47,15,4c,d,4c,50,50,59,50,44,48,78,ad,7c,af
7b,95,49,63,73,92,a2,6b,6b,79,aa,64,64,55,4a,35,50,69,4d,66,60,63,63,78,97,60,de,c2,c2,9f,e3,ac,a9,77,84,64,60,88,6e,8a,57,5d,45,50,4d,48,59,66,59,47,2e,48,35,78,7c,7c,7b,ad,af,af
7b,7b,6e,93,71,72,72,79,95,7b,95,95,79,92,67,4d,53,6a,62,8c,8c,6d,71,60,7d,7a,c7,c2,c2,c2,d6,77,94,94,92,8c,6a,68,55,6c,55,53,55,6e,8c,67,62,60,67,85,5d,64,52,78,7c,7c,7b,79,ae,af
af,7b,76,71,79,73,a9,95,ad,ad,7b,95,79,78,91,93,8c,6b,8e,8e,6b,6d,8c,6b,7d,7a,c7,ca,c2,c2,da,6f,7a,79,7b,a9,94,6f,6e,77,77,6e,68,75,72,64,6b,67,72,8c,89,6e,68,67,78,7b,7b,7b,95,af
7b,7b,73,78,79,72,79,78,7b,7b,71,73,79,79,71,91,91,73,73,73,75,8c,62,60,4e,6f,b7,d0,c2,c2,d3,4a,94,7a,79,ad,79,6d,64,a5,8f,64,6d,94,60,72,91,71,72,73,55,56,6d,6d,3e,71,af,7b,ad,7c
7b,7b,6d,71,91,62,85,66,92,63,4d,67,63,60,49,62,8c,73,72,6b,6b,85,6a,62,4e,77,b4,d0,9f,c2,c7,6c,7a,79,79,aa,94,94,94,94,73,64,75,76,72,73,91,71,93,92,6e,3e,71,78,40,6d,7b,7b,ad,af
ad,71,94,6b,62,63,62,62,49,72,50,66,4d,62,62,72,67,67,6b,8c,72,92,93,91,3b,a9,b4,e4,c2,ca,d3,ad,ad,a9,91,7b,ad,79,79,94,73,92,a2,8f,75,6d,75,64,6d,64,5d,5c,6c,48,57,75,76,7a,ad,af
7b,93,7b,6d,62,62,62,49,62,5f,44,4d,48,4d,67,72,67,67,62,72,72,79,79,8b,40,77,b7,db,c2,ca,c7,7b,7b,95,8e,79,ad,79,91,71,72,73,73,8f,8f,6d,6d,55,64,60,57,5d,57,68,88,75,a1,a9,ad,af
95,91,79,64,67,49,49,49,62,44,4c,48,44,49,63,63,72,71,71,71,71,73,73,91,86,70,b5,db,c2,ca,cd,ad,ad,78,8e,79,79,79,79,71,78,78,79,75,8f,75,6d,75,60,6d,5d,57,53,48,55,64,6f,a9,af,af
95,73,79,6d,62,5f,49,44,44,44,47,44,48,67,72,63,79,78,79,79,79,93,73,95,5c,7a,b5,d0,c2,c2,c7,7b,ad,95,aa,79,7b,71,5f,ae,ad,95,95,75,6e,75,6d,6d,64,60,53,53,48,55,48,6d,6f,79,af,af
95,72,91,6d,62,67,62,62,49,49,4c,66,62,67,73,5f,91,95,79,95,93,93,63,95,74,74,b7,ca,c2,c2,da,a9,ad,9c,8e,94,78,92,79,7b,7b,ad,ad,a9,75,76,64,75,75,6d,57,68,57,75,68,75,6d,76,7b,af
ad,91,71,6b,6b,6b,44,49,67,62,4d,48,49,49,63,71,93,8c,9c,79,95,72,63,79,7a,a6,c7,ca,c2,c2,dd,a1,ad,ad,8e,7b,a9,8c,9c,94,b4,ad,7b,79,76,73,75,75,6e,55,57,48,68,60,75,8f,6d,a5,9c,af
7b,92,76,67,8e,67,49,63,49,62,4d,4d,67,62,60,71,63,73,92,79,a9,92,67,95,7a,a0,c7,c2,c2,c2,de,ac,ad,ad,a9,ad,a9,92,a9,ad,d3,ae,ad,a9,94,6d,8f,75,68,6e,a1,6e,6d,64,76,73,7a,a1,ae,af
95,64,74,8c,72,6b,49,60,72,49,4d,4d,44,49,63,71,63,73,73,7b,95,71,72,61,7a,6f,da,c2,c2,c2,ec,ae,ab,a9,ad,a9,aa,aa,92,a9,ae,ad,79,76,94,76,75,8f,89,89,75,64,94,73,a9,94,7a,a9,ad,7c
79,51,64,6b,67,63,49,8e,5f,49,4d,62,44,60,72,71,63,72,93,79,79,91,69,4e,78,7b,e3,c2,c2,c2,e4,af,ac,ab,ad,93,ac,79,93,aa,62,72,73,94,94,64,64,a1,6e,6e,64,73,6d,63,94,79,7b,a9,ad,7c
72,59,73,60,49,62,49,63,49,49,60,60,44,63,63,63,60,6b,73,63,63,72,92,8b,53,ae,e4,9f,c2,c2,db,b7,ad,a9,7b,80,85,9c,9c,71,71,79,93,63,6d,75,64,6d,64,64,73,63,71,7b,7b,ad,7b,ad,af,af
79,72,76,73,62,4d,49,62,6b,62,72,72,72,72,67,63,63,8c,73,73,73,73,76,7a,ad,b4,db,c2,c2,c2,c2,d3,ad,b1,7b,a3,7b,79,ab,6b,63,72,92,a2,6d,6d,6d,75,89,64,67,73,78,7b,af,7c,7c,af,af,7c
ad,93,79,63,62,62,67,62,6b,67,72,72,73,72,92,6b,67,93,8c,67,72,93,8c,87,7b,c7,dc,c2,c2,ca,ce,da,6e,8b,95,8b,8b,8e,a5,67,63,67,6b,60,64,6d,8f,89,6d,49,6c,60,78,95,7c,7c,7c,af,af,7c
91,67,73,6b,62,5f,44,49,49,49,6b,92,73,67,73,63,72,6b,6b,63,67,6b,72,7b,ae,f0,c9,c2,c2,c2,c2,e4,ae,a0,7a,ad,a3,8c,66,6a,67,67,85,8f,60,49,ab,49,64,6d,60,44,5f,78,78,7b,af,7b,af,7c
61,4d,6b,62,67,49,60,62,63,92,67,6b,8c,6b,73,93,73,73,8b,6d,67,72,6b,ab,b3,da,e4,d0,db,db,f0,e9,b6,70,95,8b,65,89,68,6e,85,85,8d,6a,75,64,a2,49,6d,60,49,4d,53,53,55,6d,7b,7b,af,af
78,62,62,50,66,62,67,63,91,71,8e,8e,a2,8c,49,67,90,59,4d,55,62,67,72,7a,c7,db,c2,c2,c2,c2,9f,db,d6,ac,a0,91,8e,90,89,6f,89,6e,a1,75,8c,6b,67,6b,64,68,5d,57,6e,5d,6c,6f,76,7b,af,af
78,62,62,59,6a,67,62,a2,93,71,8c,6b,8c,67,67,62,66,82,6a,66,73,72,73,b5,e4,c2,c2,c2,c2,c2,c2,c2,ce,c7,af,73,93,a1,a5,6d,75,a5,8f,6b,62,a2,67,a2,67,6b,75,6d,64,75,60,64,74,ad,af,af
79,61,44,4c,6a,62,73,67,73,73,67,6b,6b,49,63,67,55,47,4d,62,60,92,61,b8,ce,c2,c2,9f,c2,c2,c2,c2,c2,d6,78,79,8b,73,8f,94,75,77,76,72,6b,8e,67,49,62,75,64,73,64,6b,6d,74,6d,7b,af,af
78,60,44,35,6a,62,62,67,73,71,49,49,67,44,49,44,4d,50,50,48,67,73,71,b4,db,c2,c2,c2,c2,c2,c2,c2,ca,c7,78,26,95,73,94,94,74,94,94,92,62,8c,72,67,62,4d,89,6e,6e,68,55,60,68,95,7b,af
61,8b,47,47,4b,49,5f,5f,61,61,5f,61,5f,4b,4b,44,44,60,55,60,8f,8f,6c,a5,d6,c2,9f,c2,c2,c2,c2,c2,d6,af,aa,ad,ad,ad,a9,7b,91,8c,6b,62,64,62,67,49,62,44,49,49,60,68,55,55,6e,a9,7b,af
78,46,59,46,65,46,65,5f,5f,61,61,4b,61,4b,65,46,47,52,45,2e,5c,86,c3,c7,d5,f8,dc,ce,ca,d0,db,ee,c7,d3,b7,af,af,ad,95,ad,a9,94,a2,8c,67,5f,72,67,49,67,49,49,49,49,67,62,75,7b,af,af
61,4b,46,15,46,69,4b,43,61,91,72,46,46,4b,69,61,48,43,44,44,67,85,b2,da,e2,cb,c9,c9,c9,c9,c9,c9,e6,d9,af,af,ac,95,a9,aa,92,93,8c,6b,62,62,67,67,44,67,62,67,44,49,67,63,6d,7b,af,af
78,46,46,46,46,46,46,44,61,61,69,65,4b,4b,61,72,95,95,95,ad,95,95,95,4e,e3,ca,c2,c2,c2,c2,ca,e4,cd,ae,af,ae,a4,ab,aa,73,73,93,8c,72,6b,8c,62,67,a2,67,62,6b,67,62,6b,6b,6d,ad,af,af
61,4b,46,46,46,46,5f,72,91,72,4b,4b,4b,72,61,61,72,61,5f,91,72,72,91,80,e3,c2,c2,c2,c2,c2,c2,db,c6,aa,ab,af,8e,8c,8d,64,63,6b,6d,60,64,8e,49,8e,ae,49,8e,62,6b,6b,8e,67,75,ad,af,af
d,d,d,f,43,43,43,65,46,61,73,71,71,71,91,91,91,61,a0,6f,61,86,ae,c7,db,c2,c2,c2,c2,c2,c2,c2,db,b8,ad,95,7f,72,5e,74,78,23,6d,60,55,66,8d,85,8d,66,62,62,63,62,67,6b,57,ad,ad,af
3,d,d,3,43,46,43,46,4b,61,5f,44,72,63,79,71,7b,36,c3,e3,cf,cf,cf,e4,cf,d0,d0,c9,cc,cc,cc,cc,cc,e6,cf,d6,d6,c5,a6,7b,73,4f,5a,68,4d,66,66,68,69,69,66,66,66,85,85,6a,56,94,7b,af
d,3,d,f,d,d,43,46,65,61,49,6b,6b,49,a2,8f,6d,4f,c5,e4,d0,cc,d0,d0,d0,e1,d0,cc,cc,cc,cc,cc,cc,cc,cb,cb,cc,e3,a8,41,59,71,70,6e,66,6a,67,6a,4d,66,58,88,59,4c,59,84,56,74,ad,af
d,3,24,1a,d,43,46,4b,72,65,48,6a,66,85,8d,a5,7a,af,de,c2,9f,c2,c2,c2,c2,c2,c2,c2,c2,c2,c2,c2,c2,9f,c2,c2,c2,d0,c7,37,60,48,4a,53,4d,6a,82,8a,66,66,50,59,82,59,59,4c,87,7a,ad,af
43,d,c,d,d,d,46,4b,8b,63,76,91,8b,a5,ac,ae,c5,e4,c2,9f,c2,c2,c2,c2,c2,c2,c2,c2,c2,c2,c2,c2,c2,9f,c2,9f,9f,9f,ca,d6,ad,26,94,5a,51,3f,4b,8b,26,59,98,d,50,4c,50,46,5c,94,af,af
43,43,3,d,43,d,4b,46,4b,44,4a,81,a7,b1,d3,d6,c2,9f,c2,9f,9f,9f,c2,c2,9f,c2,c2,9f,9f,9f,c2,9f,9f,9f,9f,c2,9f,9f,9f,c2,e7,cd,a8,78,4e,46,25,6f,74,5b,5c,35,50,50,4f,50,57,74,ad,af
46,46,44,46,61,44,46,46,15,25,b7,e3,e2,d0,d0,d0,d0,e2,e1,cb,e1,d0,d0,d0,d0,e2,d0,d0,d0,d0,d0,d0,d0,d0,d0,d0,e2,e2,d0,e2,d0,cc,e2,e6,e3,cd,5e,2f,69,7d,35,84,4b,47,4c,59,53,7a,af,af
5f,46,44,69,61,5f,4b,4b,43,4e,cd,cf,cc,cb,e1,cb,cb,cc,cb,cc,cb,cb,cc,cb,cc,cb,cb,cb,cc,cb,cb,cb,cc,cb,cb,cb,cb,cb,cb,cb,cb,c9,cb,cb,c9,e7,b2,42,42,7a,82,50,4e,4c,4c,4c,56,7a,ad,af
71,5f,60,4e,4b,46,65,65,5f,48,30,97,ac,b7,ab,af,b5,b7,b6,b5,c5,b7,b7,b5,b7,b7,b5,b5,b5,c3,c3,b7,b5,b5,b7,c3,b7,b7,b7,b7,c3,b7,b5,c3,c3,c5,ae,a9,8b,7d,59,4c,4c,59,35,4c,59,63,7b,af
78,25,44,67,62,48,62,4b,62,5f,79,61,4e,58,66,ae,ad,90,89,8a,6a,6d,77,77,57,5d,52,83,83,41,41,98,52,41,5c,98,81,58,56,3e,54,68,75,2e,39,5c,5a,a5,a9,a4,b2,5d,45,5c,33,41,83,6c,ad,ae
f8,f6,f9,f5,f9,fc,f5,f4,f5,f9,f8,f9,f4,d5,dd,f2,e9,c3,c5,eb,ed,e9,c6,f8,f7,d9,c6,c6,eb,f3,f6,f3,e9,c6,c6,e9,eb,cd,f3,dd,c6,c7,eb,e9,c6,c7,ed,f8,f7,f5,f4,f4,f2,f2,f2,ed,f2,ed,ed,d5
f8,f6,f9,f9,f7,f8,f3,f9,fc,fe,fc,f9,f2,b7,d5,f5,dd,a,cd,f7,f2,b5,b5,d5,f3,c6,c6,e9,a6,ed,f9,f2,d9,b7,d5,c3,e9,b2,f4,d5,c5,c6,c5,da,b5,d5,f6,f6,fc,f7,f9,f3,f3,f2,f3,f4,f3,f6,ed,d9
f8,f8,f5,fc,f6,f6,f8,fb,f8,f9,fc,f5,ed,b6,c7,eb,dd,37,cd,ed,d9,42,c3,40,ed,c6,c5,d9,b1,ed,f4,ed,d9,b5,d9,ed,dd,b2,f2,d5,b7,dd,ed,da,b1,d9,ff,f7,f7,f8,f6,f6,f8,f3,f8,f7,fa,f7,ed,d9
f8,f6,f7,f4,f7,f4,f7,f7,f8,fa,f4,f4,f2,dd,d9,e9,f2,d5,d9,ed,dd,e9,f4,dd,eb,e9,d9,d9,f2,f4,f2,f4,eb,dd,ed,f4,eb,d9,f4,e9,e9,f4,f4,eb,d9,d9,ed,f7,f4,f7,f7,f3,f4,f7,f4,f7,f7,f6,f2,d5
ef,ef,ed,ed,ed,ed,ed,ed,f3,ed,ed,ed,ed,ed,ed,eb,ed,ed,ed,ed,ed,ed,ed,eb,eb,eb,e9,eb,ed,eb,ed,ed,ed,ed,eb,eb,ed,ed,ed,eb,ed,ed,ed,ed,ed,ed,ed,ed,ed,ed,ed,ed,ed,ed,ed,ed,ed,ed,eb,d5
95,46,2a,9,9,b,9,13,9,9,17,2b,b,9,b,c,22,c,34,34,34,24,c,18,14,2c,14,34,41,2e,5c,15,2e,e,4a,2e,e,2e,25,2e,52,25,5c,5d,57,5d,8a,5d,6c,55,57,57,45,55,e,41,48,60,6d,87
af,69,3c,34,3e,2c,34,31,20,2a,32,2c,2b,2c,32,17,24,3e,98,81,98,58,24,e,24,2e,25,3f,3d,5c,56,52,53,56,54,56,57,53,53,52,5c,53,89,6d,a1,89,a5,a5,6f,77,88,55,55,57,53,3e,55,94,a9,5d
7b,78,26,2e,83,3e,41,32,17,9,2c,3b,17,9,22,1e,33,3,c,24,3c,3d,33,3d,3c,c,3f,80,3d,5e,24,41,41,83,83,3e,34,34,41,41,3f,52,5a,4a,5a,55,6f,6c,51,6f,8a,53,5a,57,53,83,53,76,a9,56
af,79,3f,3e,41,41,2c,18,2c,2c,14,3d,3d,33,24,14,22,3a,14,1e,3c,7f,33,33,3f,3f,3d,80,33,58,4c,50,35,26,7f,3a,3e,34,3e,98,a4,6f,5e,6f,60,82,86,77,a3,6f,89,77,6e,77,a2,6c,77,90,aa,a4
af,95,81,86,41,3e,2e,34,34,41,33,3c,3a,3a,22,22,33,24,c,14,33,3d,3f,4f,4f,14,3f,3d,3d,59,4c,35,41,3e,33,33,3e,34,33,e,56,2e,3d,4f,80,3f,98,6a,ab,90,a1,90,88,89,90,6d,a3,77,94,90
ad,91,4f,83,41,41,83,3e,41,41,33,1e,12,1e,14,33,3,1e,1e,14,3d,3a,3d,35,24,c,3f,3f,3f,4f,4c,35,3e,33,1e,33,2c,3e,2c,3e,45,2e,23,ab,d3,d3,a8,86,ab,68,6f,6f,a5,6e,89,75,89,6e,76,68
ad,61,58,86,3e,34,3e,3e,18,34,33,3a,3a,3a,c,c,c,24,14,14,8,3a,3d,24,14,3d,33,3d,3d,4f,50,4f,83,3d,22,18,2c,34,34,41,53,51,51,d3,ea,d6,ea,d3,b1,a5,68,a1,5a,90,8f,64,88,68,94,90
ad,91,52,2c,18,34,34,34,2b,17,3c,22,12,22,24,24,c,14,14,c,c,80,8,3,24,14,24,24,4f,47,47,25,58,25,4c,15,18,3d,59,50,55,a3,d3,ea,de,ea,d6,db,ea,c5,a3,40,86,73,7a,6a,67,92,95,8c
ad,72,57,2e,c,34,41,34,3b,2a,21,22,7f,33,24,25,25,15,25,c,c,14,14,15,25,25,25,35,81,50,4c,a4,8a,57,15,47,26,26,d,2c,70,dd,ea,ea,ea,db,de,de,d6,ea,df,b3,6d,83,68,8d,8d,93,ad,93
ad,71,5d,45,4a,56,41,2c,3e,2c,24,c,33,24,35,4c,35,15,24,3d,2c,3d,4f,82,4c,59,50,8a,84,50,59,59,15,82,46,46,46,15,32,a8,e9,d7,d8,e0,d6,db,de,d6,de,db,d6,f1,c5,5d,4c,67,66,91,95,94
95,79,5d,5a,89,53,52,34,18,18,14,14,25,35,4c,4d,15,25,24,2c,3e,52,50,6a,4d,85,50,85,85,50,82,59,50,59,58,4c,6a,5e,b2,f1,d4,ba,ba,ba,d4,ea,d6,ea,d6,de,f1,c3,60,98,41,8e,67,a9,ad,76
ad,78,5a,68,4a,53,53,25,25,c,24,25,15,84,6a,66,35,24,15,35,24,14,4c,6a,66,85,6a,66,85,85,50,4c,53,53,52,4a,51,b6,df,bc,ba,bd,bd,ba,ba,bc,d8,d4,ea,d5,a7,86,84,76,6d,8c,a5,92,ad,aa
7b,79,53,52,35,33,33,14,c,15,24,3d,25,58,8a,66,47,50,50,50,82,81,50,66,6a,6a,8d,85,8a,9a,4d,64,74,6f,5b,5e,b5,f1,d1,ba,bd,ba,ba,bd,bd,ba,d1,df,b5,41,6f,51,6e,8d,8c,99,99,a2,a9,8d
7b,95,57,4a,4f,25,4f,4f,33,35,33,58,4c,47,99,85,4d,15,50,59,59,84,82,47,66,66,82,85,6a,66,a2,64,67,88,34,c5,df,bc,ba,bd,bd,ba,bd,bd,ba,d1,e0,b5,40,a0,6f,68,55,62,73,a2,a5,73,95,8e
af,95,99,82,59,44,4c,59,4f,59,4c,84,84,8c,8e,ab,99,82,82,59,82,59,59,59,44,85,99,99,4d,75,75,66,82,54,c5,e0,be,ba,bd,bd,bd,ba,bd,ba,d1,d7,a6,5c,5c,8a,6d,6d,94,8c,73,6b,66,93,95,93
af,95,67,68,6a,4d,66,59,4d,82,66,6a,85,6b,a2,a5,67,84,82,82,4c,50,84,4d,4d,48,8d,85,66,45,4c,3f,5c,c7,e0,bc,ba,ba,bd,bd,bd,ba,ba,d1,df,a7,a4,6d,a3,6f,a1,64,6d,73,79,67,73,95,ad,73
af,af,aa,75,52,85,6b,93,6b,66,6b,91,95,ad,ad,93,67,85,85,59,59,50,84,72,67,92,73,a2,5f,6e,44,97,b7,ff,d4,d1,ba,ba,ba,ba,ba,ba,d1,df,b5,a7,a4,92,76,6d,77,75,6d,94,92,a9,93,a9,af,79
7c,af,94,7b,ab,a9,93,93,72,6b,91,7b,af,af,ad,95,93,93,73,85,6a,66,66,9c,71,79,79,9c,73,41,6b,46,d3,d6,ce,ea,d8,d1,ba,ba,ba,d1,e9,b2,a6,8a,85,8b,93,8f,6d,6e,68,a1,8f,73,93,95,ad,a9
7c,ad,a4,ad,7b,af,ad,ad,73,8e,ae,ad,af,af,af,af,ae,a2,67,85,66,4d,85,a5,93,72,93,8e,73,5a,49,2e,e0,d6,ce,c8,c8,ea,d8,d1,d1,e9,b3,a6,a6,77,8a,89,64,8f,75,a2,6d,6d,a1,92,6b,95,af,79
af,ad,8a,a9,ae,7b,7b,ad,79,79,95,95,ad,af,ad,ae,ae,ab,aa,6a,8d,66,58,6b,93,8e,a2,8f,8c,95,7b,b7,f1,e0,e0,e0,e0,d8,d8,f1,f1,c5,87,a6,a3,6f,a1,6c,6d,a2,6d,60,60,8f,8f,aa,94,78,ad,79
af,ad,83,77,a5,9c,ad,7b,95,95,95,93,91,9c,9c,ad,ab,93,92,66,8d,6a,85,6a,99,84,85,69,99,99,a1,c7,d8,bf,bf,c0,c0,c0,c0,d2,df,b1,a1,a2,ac,a2,ab,5a,6f,6e,75,6d,6d,6d,6d,9c,8e,a9,7b,91
af,95,87,70,a1,89,75,73,a9,76,76,76,aa,ad,aa,ab,a5,a5,75,ab,60,75,64,6d,6d,64,8f,a2,75,65,a0,dd,d2,c0,c0,bf,c0,c0,c0,d8,d5,a5,ab,ab,a5,a5,ab,a1,90,6e,90,68,68,55,6e,a2,93,ad,ad,79
af,95,8a,5a,88,68,6e,6d,60,75,90,64,55,75,aa,a2,aa,a2,8f,75,60,6d,6d,64,6d,6d,89,75,a2,a5,b2,e0,bf,c0,c0,bf,c0,c0,c0,e0,c3,ab,a3,a5,aa,ab,ab,ac,8f,6d,8f,8f,75,64,75,94,9c,95,af,95
af,af,a5,87,5c,57,6e,6c,6d,6f,5d,5d,8a,6d,6d,7a,8f,8f,6e,89,89,8f,75,75,8f,6f,6d,75,8f,a5,c5,d4,bf,c0,c0,bf,c0,c0,d2,df,b1,a3,a2,6d,a5,6d,94,75,aa,6d,76,6d,75,75,73,7a,79,ad,af,79
af,ad,75,5c,3e,3e,54,54,68,51,83,5c,53,68,75,74,6c,6d,a1,a1,75,8f,a2,75,6d,6d,89,6c,6d,50,dd,d2,c0,c0,c0,bf,c0,c0,d8,cd,9a,ac,a2,8f,8f,75,6d,75,a5,76,a9,94,6d,76,94,7b,7b,af,af,78
af,ad,6d,52,3c,80,2e,52,5d,5c,41,41,6f,89,6e,64,64,90,8f,a5,76,76,8f,8c,8e,64,92,8f,a2,a6,f1,d2,c0,c0,c0,bf,c0,c0,e0,b7,6f,a3,a2,a5,68,8f,75,75,a5,77,74,76,73,94,a9,7b,95,af,af,78
af,ad,64,57,25,2c,e,18,34,56,4a,53,51,54,57,45,6f,6d,75,a2,94,a9,94,8e,67,8e,8e,94,8e,c5,d4,bf,c0,c0,c0,bf,c0,d2,e9,a7,70,a2,a2,75,6d,6f,a3,75,a1,56,a1,8f,74,7b,a9,7a,ab,ad,af,95
af,95,8c,75,5c,2e,53,25,45,88,4a,51,4a,5a,53,53,5d,68,68,76,74,74,64,8f,a2,aa,a2,90,6f,dd,d2,bf,c0,c0,c0,c0,bf,e0,c7,86,a3,75,ab,8f,a5,a2,6d,8f,55,6e,8f,a2,94,ad,a9,a2,a9,af,af,95
af,ad,6a,a5,5d,57,45,45,6e,89,5d,53,88,57,57,57,53,5d,5a,68,90,a2,a2,94,94,a3,88,a6,b1,e0,bf,c0,c0,c0,c0,c0,bf,e0,b6,a6,a5,ab,aa,75,75,a2,8f,60,6d,a2,a5,aa,a2,aa,aa,ab,ad,ad,af,ad
af,ad,8e,a1,8a,55,55,55,55,5d,53,5d,53,5d,53,57,53,88,5d,5d,a1,6e,77,7a,a3,6f,a0,a6,c6,d8,c0,c0,c0,c0,c0,c0,d2,d5,b1,a3,8e,a3,ab,a2,6d,a2,77,a2,75,a2,aa,ab,ac,a2,a5,94,a9,af,af,95
af,ad,93,73,a1,68,55,68,57,68,64,49,89,68,55,6d,64,6d,94,76,76,94,7a,a3,7a,ab,ac,b7,f1,d4,d2,c0,c0,c0,c0,bf,df,c3,a4,a3,ab,a5,ab,a2,75,a1,77,73,75,64,75,ab,ab,a2,8f,74,94,ae,af,95
af,79,73,76,5d,5d,48,68,4a,88,68,60,a2,75,64,6d,64,94,a9,7a,a9,7a,a9,a9,a5,ac,cd,e0,d1,e0,e0,e0,d4,d2,bf,d2,e0,b2,ac,a1,a3,ac,a2,77,ab,a3,75,75,75,8f,8f,a5,ac,a5,94,7a,93,ad,af,9c
af,9c,8d,89,5d,5c,56,57,5d,53,64,64,64,64,64,75,60,6c,aa,94,ab,a2,93,ad,b5,dd,d7,bc,ba,d1,d8,d4,d4,db,d8,e0,d7,98,99,a3,a3,a1,64,89,6f,a1,a5,89,8f,6d,a2,8f,8f,aa,8f,94,93,ad,ad,79
af,8b,58,5c,41,2c,3e,34,3e,2e,6d,6d,6d,64,6d,76,6d,64,a5,aa,a2,75,ac,c7,e0,bc,ba,ba,ba,be,ba,d4,d8,ce,ce,ea,b7,8d,89,70,a3,8a,85,77,6c,a1,a1,6e,6d,75,8f,6d,6d,6d,64,74,76,95,ad,ad
ad,7e,81,5d,56,34,52,3e,56,52,6e,68,89,55,6e,68,a1,6f,8a,a4,a0,b6,d7,d7,ba,ba,bd,ba,ba,ba,ba,ba,d4,d6,de,dd,83,50,90,70,70,87,57,57,5a,6f,88,6f,89,6e,6d,75,6d,a2,76,7a,93,9c,ad,79
ad,97,41,55,57,4a,5d,4a,51,51,53,53,5c,57,88,82,57,88,41,b1,d5,df,d1,ba,ba,ba,ba,ba,ba,ba,ba,ba,ba,d4,e0,c3,5a,8a,a0,87,57,88,89,77,88,8a,6e,60,68,6d,6d,64,75,6d,75,92,92,79,ad,79
95,97,41,8a,5a,5c,2e,57,4a,4a,6f,64,89,68,6e,77,a7,40,c3,dd,d3,ba,ba,ba,ba,ba,ba,ba,ba,bd,ba,ba,d1,e9,b7,7e,89,89,90,a1,89,a2,90,90,a5,57,55,6e,6e,6d,6d,60,a2,8f,8f,93,72,95,ae,93
95,4e,58,6e,56,54,45,53,54,51,4a,57,51,70,70,5b,b3,d7,dd,bc,ba,ba,bd,ba,ba,ba,ba,ba,ba,ba,bc,d8,d5,b1,4e,7e,89,89,89,6e,64,8f,6f,77,a5,6e,77,6f,68,75,8f,64,6e,75,8f,8c,a5,9c,af,93
95,58,4f,68,4a,4a,4a,53,51,4f,3c,3d,3e,5b,a6,c5,df,d1,ba,ba,ba,ba,ba,ba,ba,ba,ba,ba,ba,d1,dd,c5,5e,59,a4,87,57,56,51,56,53,5d,90,89,a4,6e,68,6f,89,75,75,6d,6d,6d,89,8e,6a,93,ad,93
7b,58,52,25,34,34,2c,54,51,50,34,3f,28,b7,d7,d8,ba,ba,ba,ba,ba,ba,ba,ba,ba,bd,ba,bc,d7,cd,b2,54,57,89,5a,70,54,52,25,4f,d,4f,59,53,5d,50,66,4d,48,60,64,64,75,75,6d,92,6e,93,ad,93
7b,7d,50,2b,22,81,47,24,3a,3c,5b,b1,d9,df,d1,ba,ba,ba,ba,ba,ba,ba,ba,ba,ba,ba,d1,df,c3,87,5a,88,5a,5d,88,5d,52,53,4f,50,46,4e,25,35,35,47,47,47,49,49,62,67,62,6b,62,73,8e,79,ad,93
ad,7d,4c,28,18,43,8b,15,3c,b1,d3,df,ea,d4,d1,ba,ba,ba,ba,ba,ba,ba,ba,ba,ba,d7,d5,b5,51,5a,53,5c,4a,6f,5a,57,56,5d,82,4a,4e,46,25,33,35,47,4d,44,48,49,44,49,44,67,67,92,8c,a9,ae,73
7b,7d,35,2e,18,f,15,6c,c5,ea,d8,db,de,de,d8,d8,d1,ba,ba,ba,ba,ba,ba,d1,e0,c7,97,98,51,5a,54,2e,5c,5a,51,a0,51,56,82,25,4e,15,26,4f,35,47,43,4d,44,49,44,62,62,67,6b,73,8d,93,af,79
af,7f,25,45,15,2,b2,d7,ea,d8,de,de,de,d8,d8,d6,ea,d1,ba,ba,ba,d1,dd,d5,b1,54,5a,6f,a0,54,5d,53,53,2e,51,5a,53,53,59,58,46,4e,15,24,25,35,4c,44,48,4b,65,67,6b,67,6b,8c,6b,93,ad,63
7b,2d,14,65,24,1a,b7,e9,df,e0,df,d8,de,ea,d4,ea,de,f1,be,ba,d3,eb,b5,2e,54,56,5a,6f,57,57,5d,57,57,5a,8a,88,53,53,4c,4c,50,50,33,3d,25,34,35,25,25,50,48,66,67,72,63,6b,8d,93,95,8c
7b,41,22,15,24,1a,25,b1,f1,f1,d8,f1,ff,d6,ea,d8,ea,ea,d1,df,c7,a7,83,5e,57,56,5c,56,52,53,53,57,56,5a,4a,8a,59,4c,59,4c,50,50,58,56,25,25,35,4f,35,4c,66,6a,67,73,6b,67,8c,79,95,72
af,31,3c,65,1f,f,4,3e,b3,d7,e0,df,ea,ea,d6,ea,ea,ea,e9,b6,38,84,34,83,34,34,3e,3e,34,52,45,57,56,51,45,53,50,47,47,50,15,4c,50,50,4c,47,4c,4c,50,47,48,66,49,63,73,92,6b,ad,ad,9c
af,41,33,69,1a,24,14,25,2e,ac,e9,f1,ea,f1,d8,ea,ee,cd,ac,42,54,60,32,3e,3e,3e,34,2b,3e,52,53,4a,52,5a,53,50,50,59,59,50,15,59,4d,43,4d,44,44,44,15,44,44,4d,44,62,93,aa,73,95,ad,ad
ad,58,34,47,19,f,d,d,7d,3,40,d3,f8,f1,de,e9,b5,2e,77,42,6f,6f,41,34,3e,34,3e,34,3e,3e,52,52,56,52,52,59,50,82,50,48,59,66,49,4b,4b,46,5f,43,44,43,43,43,44,61,91,62,72,95,ad,ad
95,48,34,34,26,26,26,d,d,3,3,83,cd,eb,c7,a8,3f,53,56,5a,5a,4a,5c,18,18,18,18,c,2c,34,34,34,3e,34,34,35,47,48,66,66,66,66,4b,46,69,61,61,5f,61,4b,43,46,46,46,72,49,6a,71,ad,79
95,69,34,56,1f,24,14,c,1e,c,41,34,2c,17,34,34,5c,56,5c,52,52,2e,25,2c,17,2c,18,2c,34,34,18,2c,33,e,34,35,4c,44,50,59,50,59,4b,65,69,72,61,61,72,69,43,65,65,4b,4b,62,66,91,af,9c
ad,6a,2c,41,12,2c,17,34,32,32,3e,2c,34,3e,52,53,41,41,18,32,32,2b,18,b,18,c,2c,b,32,2c,18,2c,34,2b,3e,3e,35,35,25,3d,25,35,50,4c,49,62,63,4b,69,4b,46,65,72,5f,4b,67,66,9c,af,ad
ad,6a,28,3e,17,17,4,9,16,2b,34,18,34,34,45,68,41,86,3e,34,34,32,2c,18,c,2b,c,18,18,2c,34,34,2c,2c,3e,41,81,52,25,34,c,35,47,47,44,48,67,62,65,4b,65,4b,4b,4b,4b,67,4d,91,af,79
95,6b,56,5e,34,18,b,18,17,2c,2c,34,41,83,3e,2e,56,5c,3e,3e,34,34,17,b,17,2b,2c,17,18,34,2e,2e,2e,53,2e,52,83,5c,56,54,52,57,53,45,53,53,5d,68,a5,49,4d,67,62,65,6b,4d,6b,9c,af,95
91,33,16,27,9,9,13,9,13,2a,9,2a,16,31,20,30,17,17,9,1,1,6,13,1,2,2,13,2,6,9,9,9,12,17,11,9,16,2b,3c,17,16,32,32,18,17,34,18,2c,e,15,15,d,4f,35,4f,2e,3d,6a,a9,99
c7,da,ef,ef,f8,f8,f6,f8,f6,ef,ed,f8,f8,f6,f8,f3,f6,f6,f6,fb,f8,ef,ef,ef,f6,fd,ef,fb,ef,f6,f6,ed,de,ee,ee,ef,ef,ef,fb,ed,eb,ef,f8,f8,fd,f6,fb,f8,fb,ef,ef,ef,ef,ef,ef,ef,ee,de,d9,b7
ef,ef,f6,f7,f7,f9,fc,f3,f9,f4,f9,f7,f9,f7,f9,fc,f9,f9,f7,f8,fd,cd,d5,d9,f6,fe,da,cd,cd,eb,f4,d9,d5,d9,f2,e9,d5,d5,ed,f7,f2,f6,f8,fb,fa,f8,fd,fb,fa,fb,f8,f6,f6,f7,fc,f7,f6,f3,ed,f2
eb,f6,f3,f2,f6,f3,f7,f9,f9,f7,f9,fc,f4,f7,f7,f7,fc,fc,f9,fc,fd,42,d5,a7,f3,d5,b6,dd,cd,a8,ff,b7,c3,b7,d5,d5,a8,c7,f2,f6,f6,fa,fa,fa,fa,f7,fb,fa,fa,fa,fb,fa,fb,f8,f9,f7,f3,ed,ed,eb
f7,fa,f6,f8,f8,f6,fc,f4,f5,f5,f9,f9,f9,f5,f5,f9,fc,fc,f9,f7,fe,37,b5,c3,fe,c6,b7,eb,d5,a7,fa,b7,b7,c7,e9,d5,b1,c7,f5,fb,f7,fb,fa,f7,f7,fa,f6,fd,fd,fd,fd,fb,fb,fc,f9,f9,f7,f2,ef,ed
f4,f6,f8,f6,f4,fa,f7,f7,f9,f7,fc,f9,f9,f9,f2,f7,fc,f9,f9,fa,f7,c6,eb,c6,ed,ff,d9,c3,c6,e9,ed,cd,e9,f6,f2,e9,c3,c5,f2,f8,fa,f7,fa,fa,f7,f7,fd,fd,f8,fb,f6,fd,fc,f9,f7,f9,f6,f3,ed,eb
f6,fd,fd,fc,fc,ff,fe,fe,fe,fe,fc,fc,fd,fe,fe,fc,fe,fe,ff,ff,ff,ff,ff,ff,ff,ff,fe,ff,ff,fe,fe,fe,fd,ff,ff,fb,fe,fe,ff,fe,fd,fe,fe,fd,fd,fd,fe,fa,fa,f7,f7,fa,fa,fa,fa,f7,f3,f3,f3,ed
25,8,1c,6,2,7,6,2,20,6,13,20,20,37,37,37,37,40,86,39,40,86,86,a7,a7,a8,a8,a8,a8,b1,b1,b1,b2,b2,b2,b2,b5,b5,b5,b5,b5,b5,b5,b5,b5,b6,b6,b6,b6,b6,b6,b7,b7,b7,b7,c3,c3,c3,c3,c5
60,15,33,1e,24,33,32,31,31,30,2a,9,20,6,30,37,30,37,13,31,31,2a,16,9,2a,21,10,1c,13,30,37,10,13,39,20,30,37,20,1c,1d,1d,1d,21,21,11,31,16,2a,31,31,37,30,30,16,2b,2b,3b,3e,41,a9
92,44,25,24,d,25,39,32,32,2a,2b,2a,20,6,6,13,6,20,30,9,9,32,17,b,b,9,9,30,13,13,13,20,1c,20,6,13,37,20,16,22,12,3a,3a,38,3a,22,9,2b,17,32,2b,2b,32,2b,2b,34,32,41,56,ad
73,50,24,33,3a,33,3e,34,17,2b,b,17,2,2,1,2,6,6,6,2b,1,18,17,18,2b,9,9,13,20,6,6,6,13,1,20,9,13,9,16,12,3,22,12,3c,8,8,12,2b,18,18,3b,17,17,17,2c,18,34,41,5d,ad
73,4d,35,80,3d,4f,3d,86,1e,1d,22,7,20,13,20,6,f,5,f,12,8,1f,1e,1e,1d,1c,6,13,13,13,2,1c,20,20,38,16,39,11,21,3a,3a,33,c,3c,14,24,22,24,3d,c,22,3a,3b,32,41,34,34,3e,5d,ad
72,6a,4f,33,24,15,3f,22,22,1d,38,7,13,30,13,7,5,5,26,8,3,38,1e,1e,11,11,1d,11,11,2,2,21,38,1c,20,6,1d,39,1e,22,22,1e,3a,1e,86,80,3c,7f,24,24,1e,3c,41,34,3e,34,18,34,5d,ad
76,66,35,81,15,15,1e,14,22,39,21,39,23,86,37,21,f,1a,7f,8,11,11,1e,11,3a,16,21,21,12,1d,21,1e,9,30,39,38,21,11,21,1e,1d,21,22,22,2b,22,33,3c,26,3a,22,3d,3e,3b,3e,2c,3e,41,98,ad
73,85,25,18,c,4c,24,24,3c,11,b2,c3,d5,c3,c7,b6,f,1a,26,21,21,11,1e,7f,17,12,12,22,9,7,38,38,39,38,30,21,20,21,1d,11,11,21,11,11,38,3c,7f,7f,3c,7f,3c,7f,2b,22,2c,3b,83,83,87,ad
63,4d,15,14,3c,22,29,5b,7d,1a,b1,d5,e3,e3,cd,40,f,1a,1a,21,1e,1d,38,38,8,8,1e,37,20,2b,1a,5,23,23,1f,37,15,19,5,0,6,15,f,26,26,32,3e,3b,26,40,36,39,3a,3c,7f,3c,33,33,84,a9
67,66,47,33,14,12,34,5b,24,19,e,d3,e1,e5,da,10,32,32,a,1e,21,1d,22,16,22,9,30,30,17,25,e,3b,37,63,34,42,51,5b,27,60,64,41,86,83,39,2f,5e,3c,26,3a,3c,3d,38,3a,24,2c,24,4f,69,93
49,8b,4c,47,e,3,46,5b,13,23,43,c4,e1,e1,e3,23,30,4f,4e,26,22,1e,3a,24,26,17,31,d,7d,1f,2a,3e,29,7b,93,b5,b7,b8,c4,c4,c8,cd,c5,b5,6f,70,83,41,3c,1f,15,7d,33,24,14,33,e,4c,65,91
72,91,49,15,58,d,15,2f,1b,6,45,c8,e1,cb,e3,37,37,4c,46,1f,18,24,35,33,3d,26,43,49,2a,38,af,c4,d6,e3,e4,d0,d0,c9,c9,c9,c2,c9,d0,e4,d3,b5,4e,9a,86,41,26,26,3d,35,2e,25,4c,66,4b,91
71,49,43,15,4c,33,40,54,7d,7d,5e,b7,e2,e1,e6,ae,9a,39,42,3c,58,3d,14,33,4f,7d,26,5b,b1,b8,e2,c2,c2,e2,c2,d0,cc,e6,d0,e2,cc,cb,c9,c2,ca,e4,cd,46,86,41,37,41,3f,41,47,50,4c,66,4b,91
66,99,4f,25,4f,33,19,15,d,ac,d,1f,d6,e1,e1,e6,b5,39,56,1f,3f,82,22,39,33,19,37,af,e3,cf,c2,ca,e4,d0,c9,ce,ce,c2,cc,cb,c2,cc,d0,d0,d0,c2,e6,e3,a8,95,80,36,80,3f,33,15,50,50,65,93
49,85,84,50,35,33,25,35,7d,80,25,7f,ac,cf,e1,cb,e7,c1,7d,42,83,69,7d,37,37,7a,c8,e2,cc,c2,d0,e2,cc,c2,d0,d0,e2,e4,e2,e2,cc,ca,cc,c2,e4,d0,c9,ca,e3,50,42,3d,33,7f,34,24,15,50,8b,91
6b,ab,8d,15,50,81,3d,41,3d,24,34,3e,69,b5,e6,e1,cb,e6,cd,40,98,7e,7d,7d,b5,e3,d0,c2,c9,e4,ce,c9,c9,e4,e2,e1,e1,cb,cb,e1,cb,e2,e1,e1,ca,e4,c9,c9,d0,b7,5a,81,3f,3d,3f,3d,35,4c,69,91
93,72,62,66,66,59,83,41,2c,83,3e,2e,26,a1,c3,e6,e1,cb,cf,cd,9b,40,a0,78,d6,d0,c9,c9,e4,c9,cc,cc,e1,e5,e2,e1,e6,e2,e1,e6,e1,e6,e1,e1,e2,ce,e2,c2,ca,e3,ac,3c,7f,39,3f,35,47,47,69,72
9c,93,49,66,50,4f,41,2e,3d,81,22,2b,56,86,42,c3,e6,e1,cb,e6,cd,9b,8b,b8,dc,c2,c2,d0,c9,cc,e2,e2,e6,e2,e1,e1,cb,e1,e1,e1,e1,e1,e1,e6,e2,e1,e4,ca,ca,e4,b7,7f,3f,3f,4f,15,47,66,8b,93
79,92,66,50,4f,3f,3f,4f,3d,33,32,3a,7f,86,39,2f,b7,cf,e1,cb,e6,b7,ac,cf,c2,c2,e2,ca,cc,e2,d0,cb,e1,e1,e1,e6,e5,e3,cd,c7,c1,cd,d9,d6,da,e3,f0,cc,c2,cf,cd,8b,80,41,4f,4f,66,85,91,91
79,aa,85,6a,58,33,4f,3d,2e,4f,3f,3f,38,26,8d,5e,a0,ae,e3,e1,e1,e6,d6,d0,c2,cc,d0,cb,cc,e6,e1,e6,e3,d6,b7,ae,4e,8f,ab,89,a1,a4,ac,a6,a4,84,c8,db,c9,c9,db,af,4f,3f,81,59,85,8d,9c,9c
78,79,6b,50,25,33,58,35,35,84,4c,66,80,5c,ab,70,5b,9c,c1,e2,e2,e2,c9,c9,ca,d0,d0,d0,e3,c7,b5,9b,77,5a,a0,a6,86,a0,97,97,97,97,9a,9b,9b,86,c5,ce,c9,ca,dc,b7,98,56,58,5c,66,6a,91,9c
72,92,49,4c,33,3f,80,98,50,8d,67,8d,5b,5a,85,b5,c7,d6,dc,e4,d0,c9,cb,e2,d0,c9,c9,e7,b2,a3,9b,ab,a0,86,97,9a,53,86,a0,85,6f,a3,a3,6f,69,9b,c4,e2,cb,d0,e4,cd,98,84,98,82,6a,6b,91,9c
72,8c,65,52,3f,41,41,87,8a,8e,84,a2,92,b8,e3,e5,e6,e2,e2,c2,c9,cc,cc,c9,cc,c2,dc,b5,a0,7a,56,97,9a,97,98,81,81,80,99,8d,99,6a,6a,7e,66,8a,c4,d0,c9,e2,d0,c7,99,98,59,85,6b,67,79,95
72,8b,67,82,87,41,3b,86,a0,a0,91,ae,c8,e2,e1,e1,e2,d0,c9,e1,d0,c9,c9,c9,ca,cd,a5,a7,70,a0,86,ae,a5,84,82,81,98,3d,a4,8d,85,6a,66,48,6a,51,dc,ca,c9,e2,cc,cd,84,84,99,4d,6b,6b,95,95
78,91,6b,6e,5a,56,3d,5e,5b,93,c1,cf,e1,e1,e2,d0,c9,c9,e4,d0,c2,cc,cc,e1,e6,a8,a2,ad,7a,51,a4,b2,99,84,59,a4,8a,82,99,a5,8b,6a,85,66,6a,af,d0,c2,ca,cc,e2,d9,9a,82,8d,99,8c,8c,79,ad
95,78,72,64,55,53,49,5a,6f,c8,e6,cb,e1,e2,cc,c2,cc,e2,c2,c2,d0,dc,e2,e1,e6,ae,6f,92,38,7e,ad,5e,98,66,6a,66,6a,a5,85,a5,a5,4d,66,4d,48,c8,c2,c2,e4,cb,e2,d6,84,84,99,6a,a2,8c,9c,95
ad,ad,ad,aa,a3,9a,4e,a0,cd,e6,cb,e1,e4,cc,c9,e2,d0,c2,c9,dc,cd,b8,e6,e1,e1,c3,a5,8a,98,8b,79,6f,84,85,82,8d,99,85,84,59,97,46,65,8b,b5,db,c9,cc,e2,d0,e4,da,98,8a,8a,89,90,a2,ae,95
af,ad,ad,6d,52,5e,a1,c1,e6,cb,e1,e2,cc,ca,e2,d0,c9,ca,d6,b5,9c,7c,e6,e1,e1,cd,8e,93,a5,8e,a2,8c,8d,85,66,85,85,59,7e,72,79,6d,98,78,d6,ca,c2,e2,cc,ca,dc,d9,a4,88,6f,6f,8f,76,ad,7b
af,ae,73,56,3e,41,43,c8,e1,e1,e4,cc,c9,e2,ca,c9,ce,c5,7f,a7,86,7c,e5,cb,e1,b7,aa,ac,a2,8c,93,8c,6a,6a,6a,48,66,65,69,91,77,42,3c,c4,d0,c2,ca,c2,c9,e4,dc,cd,ac,85,8e,6b,8c,92,ad,7b
af,91,6a,83,52,52,83,e3,e1,e6,c9,c9,cf,d0,c9,cf,b2,a3,9b,9c,91,c7,e2,cb,e6,b1,aa,ae,93,93,8e,6e,64,82,8d,6a,8d,8a,8d,84,a0,72,c1,e2,c9,ca,ca,c9,e2,d0,dc,c3,a5,8b,8e,8b,91,79,ad,ad
95,8b,58,3f,6e,6c,af,e6,e6,e2,c2,d0,d0,c9,e2,c3,97,9b,6d,8b,7c,e7,e1,e1,d6,a6,ac,a5,aa,99,a2,a2,69,6a,8c,6e,75,91,7a,a3,9c,c4,cf,c2,cc,cb,cb,e2,d0,c2,e7,ae,8b,8e,8b,72,91,9c,95,7b
ad,73,6e,80,81,4d,c5,e6,e2,cc,d0,e4,c2,ca,cd,a0,a7,98,7a,b8,e6,e1,e1,e6,b7,a7,a5,ac,a5,a5,6a,82,56,8c,92,56,97,97,97,ad,c8,ca,c9,e2,e2,cc,d0,d0,c2,cc,d5,74,84,8d,85,62,6d,92,9c,af
ad,a5,97,80,3d,62,c7,e2,e2,cc,cc,cc,c9,e4,9b,40,a4,ae,d6,e1,cb,e1,e6,da,9b,9c,ab,ac,85,6a,8b,5d,42,5a,91,61,7e,85,4e,cf,ca,c2,d0,e2,c2,c9,e2,c9,cc,e3,9a,86,8a,85,85,49,67,93,9c,7b
a9,73,82,3f,33,69,c8,e7,ca,cb,d0,d0,c9,e2,a8,a3,b8,e6,e1,cb,e1,e6,c1,9b,a3,7a,ab,ab,84,66,84,99,57,62,85,41,5e,ae,d6,ca,c9,e2,ce,c2,c9,e4,d0,c9,e2,b5,97,97,85,85,6a,6b,8c,8e,9c,7b
ad,8e,4c,24,33,71,d6,e4,cc,cc,e4,cc,cb,e4,ae,cd,e2,e1,e1,e5,cd,b2,8b,95,98,a0,a5,ab,8b,6a,69,8c,65,60,5b,63,c1,cf,ca,cc,d0,c9,c9,cc,e4,cb,c2,e4,c5,78,95,2f,88,85,6a,8c,92,92,9c,7b
92,99,59,33,38,a4,e4,db,d0,c9,e2,ca,c2,e2,e3,e6,e1,e1,e6,c3,99,52,6d,89,81,87,a0,97,69,38,8d,59,74,69,af,c8,cc,c9,d0,e2,c2,e1,d0,e4,c2,c9,e2,cd,5c,9c,91,a9,75,85,81,82,59,99,a5,7b
75,6a,4c,58,3d,b2,e4,ce,e2,d0,cc,e2,ca,cc,e2,cb,e1,cd,ac,a4,8a,82,81,82,8a,8d,92,88,5e,34,a0,6d,af,c4,cf,c9,cc,d0,c9,c9,e2,e4,ca,c2,cb,cb,e3,b2,ad,97,97,ad,ac,a5,81,84,81,8d,ab,7b
8e,6b,6a,15,59,b5,db,c9,e2,c9,c9,e4,cc,c2,e7,e1,e3,a3,9c,a4,99,82,59,82,82,80,6d,5e,23,77,25,b8,dc,ca,d0,cc,cc,c9,e2,e2,cc,c2,cb,e2,e2,e8,b2,a0,6f,40,97,79,ae,8b,82,59,8d,99,ab,7b
ae,79,8d,3d,3d,69,dc,c9,e2,c9,c9,cc,e2,cc,c9,e6,d6,94,23,9a,97,84,4c,84,84,3d,86,86,4e,b5,d6,e2,ca,e2,e6,ca,e2,e4,ca,c2,c9,e2,e2,e5,e3,b5,7f,80,50,89,83,4f,a9,93,6a,6a,8d,8c,a5,7b
ad,ae,8d,15,1d,35,c4,cc,ce,e2,c9,c2,e4,e2,cb,c2,e4,cd,ae,8b,7d,26,26,26,7d,49,a0,8e,d6,e4,ca,c2,e2,cc,d0,e2,e2,c9,c2,e2,e2,e2,cc,e8,af,ad,50,19,7d,7b,53,39,79,93,92,67,8e,93,72,7b
ad,60,15,14,3d,22,8b,dc,ca,cb,e2,d0,c2,cc,e4,e2,d0,cc,cf,cd,72,a3,7a,7b,af,c5,c8,e4,cf,cf,dc,e4,cf,db,e2,e2,d0,d0,e6,e5,e1,e2,da,30,7d,87,80,80,3e,2e,81,81,6a,67,73,93,93,93,8e,7b
92,69,35,1f,3d,2e,45,cd,d0,cc,c2,d0,cf,c9,ca,c2,d0,ca,e4,dc,dc,c4,ce,cf,ce,e2,c2,d0,c9,cc,c9,cc,cb,d0,c2,cc,c2,cf,d0,cf,e6,cd,a0,a3,8b,97,3e,4f,3e,4f,81,84,6a,66,6a,92,6b,93,8e,7b
85,3e,33,14,33,1a,23,a7,c7,cf,d0,c2,d0,d0,e2,d0,d0,ca,d0,c2,cc,c2,ca,c2,ca,ca,e2,e2,e2,e2,e1,e1,e4,e7,e4,d0,e2,cf,d0,c2,cc,cf,c3,84,7d,26,41,3f,58,81,3f,84,88,82,8d,6b,62,93,a5,ad
84,4f,22,14,3d,d,2e,44,2b,86,cd,e4,ca,c2,c9,ca,ca,e2,d0,e2,e2,cf,e2,e4,e4,e4,cf,cf,e1,e2,e2,e2,cb,ca,ca,d0,e5,c8,c7,d6,ca,d0,d0,d5,a6,42,3e,7f,86,80,98,81,58,82,84,85,8c,8c,a5,7b
67,3d,22,39,33,14,1e,53,1a,23,26,a7,e3,e7,e7,e2,e2,e2,d0,e2,cf,cc,ca,ca,c9,cc,c9,d0,c2,cc,cc,e2,dc,d6,c7,b7,38,28,40,1a,c1,db,cc,cf,d6,c3,b5,b1,86,56,5d,88,82,66,85,8d,99,99,ad,78
8c,25,3,80,22,c,c,3a,3c,3d,1e,33,42,b5,d6,e6,e1,e1,e1,e1,e1,e1,e2,e2,e6,e8,e3,d3,c1,b7,b2,26,15,d,80,3a,26,15,46,98,37,ae,cd,d6,e7,d5,c5,b1,98,3e,57,57,50,50,50,59,50,58,72,5f
62,3,3,11,12,14,14,14,3a,3d,33,3d,55,6f,5d,b2,d3,e3,d6,c8,cd,c1,c3,b5,b2,97,2e,7d,42,30,54,74,c,30,3a,1f,d,4e,7d,5a,23,36,61,b2,d9,c7,b6,a7,34,83,41,2e,4f,14,14,3d,18,35,8b,5f
6b,c,3,1e,12,12,3a,24,24,22,26,3a,19,19,19,7d,19,6,36,30,42,6d,6d,41,37,23,28,19,42,40,20,23,23,16,8,1a,15,1f,23,37,70,54,7d,15,b5,b7,a0,80,34,3e,34,2c,3c,1e,1e,3c,3a,3c,69,46
59,33,22,1e,1e,12,22,21,22,12,3a,24,3b,54,42,2f,2a,1f,1a,3d,3b,37,42,3c,3b,24,13,13,29,56,25,38,20,20,3,1a,3a,30,13,34,42,30,26,10,26,50,3b,80,1e,24,3d,22,22,22,22,33,24,3f,7e,4b
81,33,3f,1e,1e,38,8,11,21,21,22,3b,16,83,41,40,3b,39,2b,22,31,3b,86,3b,2b,32,3a,34,32,3b,9,13,13,6,10,23,23,6,6,22,3a,17,22,38,22,21,21,7f,39,3a,22,1e,22,33,33,25,50,82,8b,5f
84,35,3d,12,12,12,12,21,22,7,22,22,22,32,31,83,41,32,2b,2b,3b,41,32,2a,16,3b,34,3b,16,2a,16,9,6,2,0,6,2,2,23,11,11,1d,1d,22,1d,11,3a,7,1e,3c,1d,1d,1,3,33,24,35,81,8a,5f
8c,6a,35,1e,11,20,21,1d,2a,21,22,21,17,2b,2b,2b,3b,31,32,2b,3b,83,41,2b,31,2b,2c,3b,17,17,21,6,23,13,6,10,6,13,13,6,1d,7,38,10,1c,38,3c,8,12,38,8,1e,11,2,c,22,3f,26,9a,5f
93,6a,58,c,3,1d,1d,21,3c,39,38,38,39,39,41,3b,40,41,40,39,3b,41,41,40,41,3e,2c,2c,32,1e,2a,20,6,6,2,13,2,6,23,6,10,23,23,23,37,20,1d,11,1e,22,1e,12,1c,1c,38,21,3a,3f,84,5f
53,52,9,1,0,2,0,2,6,2,1,10,2,13,6,6,2,13,13,2,7,2a,12,11,9,9,9,2,4,13,1,0,0,0,0,0,0,0,0,0,0,6,0,0,2,1,2,2,0,0,0,2,9,9,16,3b,3b,2b,41,68
eb,ef,ed,ef,f3,f6,f6,ed,ed,f3,ef,f6,ed,f2,ed,f6,ed,ed,eb,eb,eb,eb,ef,ef,eb,eb,eb,ed,eb,ef,ef,ed,eb,ed,ef,ef,ef,ef,f6,ed,ed,ed,eb,eb,e9,eb,ed,eb,e9,eb,e9,eb,eb,eb,ef,eb,eb,ed,eb,d9
f3,f2,f2,f3,f3,f7,f7,ed,f3,f3,f7,eb,dd,e9,fa,f4,dd,d9,dd,ed,e9,f7,f9,dd,f2,f6,da,d5,ed,fa,f4,e9,f4,f4,e9,f7,f5,ed,ed,eb,e9,e9,f2,ed,e9,eb,ff,f2,f3,f6,f8,f3,f7,f3,fc,f7,f7,fc,f2,f2
f4,f3,f2,f2,f2,f2,f2,f2,f5,f2,f7,c7,b7,c7,c3,fc,b2,c3,d9,ed,b2,d9,d9,b5,e9,b2,c6,d5,b5,d9,f2,42,eb,f4,c5,c3,ed,b2,dd,d5,a8,d5,ed,d9,b2,cd,b5,fa,f3,f6,f7,f7,f2,f3,f7,fc,fc,f6,fa,f2
f2,f3,ed,ed,f2,f7,f2,ed,f2,f4,ed,c7,b2,a8,d9,f7,b1,b7,d9,f9,d9,b5,a8,eb,da,86,e9,f5,c3,c5,ed,36,ed,fc,f7,b2,b7,c6,fc,d5,a7,c6,f7,da,b1,b1,d5,f7,f3,f7,f7,f3,f7,fc,f7,fc,fd,f8,f3,f4
f2,ed,ed,eb,eb,ed,f2,ed,f4,f2,ed,d9,d5,d9,c6,fe,c3,c3,d5,f9,fe,c7,d5,f9,f7,d9,b6,b6,c6,ed,ed,b7,c3,d9,f2,dd,c3,ed,f9,d9,b5,c3,ed,dd,c3,d9,b5,f6,ed,f3,f7,f3,f3,f3,f7,fc,f7,f6,f7,f7
f4,f4,f7,f4,f2,f2,f4,ed,f4,f7,f7,f7,fa,fa,fd,f4,f6,fd,fd,f4,f3,fe,f6,f2,f3,ed,f7,fa,eb,f2,f2,fe,fe,f9,f7,f7,fe,f7,f2,fa,fc,fc,f7,fa,f6,fd,fe,f3,ed,ed,f2,ed,ed,f3,ed,f2,f6,f6,ed,f4
c3,c3,c3,c3,c3,c3,c3,c3,c3,c3,c3,c3,c3,c3,c3,c5,c5,c5,c5,c5,c5,c5,c6,c5,c5,c6,c6,c6,c6,c6,c6,c6,c6,c6,c6,c6,c6,c6,c7,c7,c6,c6,c7,c7,c7,c7,c7,c7,c7,c7,c7,c7,c7,c7,c7,c7,cd,cd,c7,cd
3c,81,2e,52,3e,83,41,3e,34,21,16,39,2a,2a,31,30,30,39,22,1d,1b,22,22,22,2a,3a,1e,3a,1e,2a,20,1c,21,1d,21,31,38,31,31,40,40,31,30,16,16,31,30,30,39,31,41,3e,41,83,41,83,41,82,7f,84
3a,4f,2e,18,3e,25,41,2c,3f,32,2b,3b,17,9,2b,9,1d,1d,1d,12,12,3a,22,24,14,1e,22,22,22,1f,1f,19,1a,f,1b,1a,1e,2b,16,16,17,9,9,9,0,9,6,30,20,31,b,3e,41,83,41,3e,56,6a,97,79
22,3a,2b,32,2b,2b,32,32,1e,2b,16,31,17,32,17,b,11,7,1,1,8,12,3c,8,8,8,3,14,33,1b,1f,5,1a,f,1a,5,5,17,b,17,b,8,4,9,1,1,6,37,6,39,86,33,34,34,33,24,52,4d,26,72
1f,1f,33,3a,3d,33,3c,24,1e,16,13,30,30,20,20,30,7,2,12,12,8,14,3a,12,8,8,24,33,24,c,33,1a,22,12,22,22,f,1a,1e,b,28,17,19,19,b,b7,d9,e9,eb,dd,dd,a8,1a,4e,5a,5a,98,55,7f,73
7d,7d,35,33,3f,24,33,3d,22,17,2a,16,9,17,17,17,20,11,3,8,1e,8,12,1e,7f,3c,80,1e,22,7f,3a,c,1e,22,3a,24,c,14,2b,32,2a,17,1d,1c,13,eb,d7,e0,d4,be,d1,f1,b7,97,26,2d,41,59,3a,94
26,26,4c,35,3d,4f,3d,35,3d,2b,2a,9,2a,17,b,17,6,11,0,8,12,24,3a,3a,c,33,14,c,33,33,15,35,35,15,2e,e,33,26,22,2b,32,b,2f,42,c3,f1,d1,bb,bd,bd,bd,bc,f1,c3,19,32,3b,50,7f,94
26,7d,50,4c,59,50,4f,4c,4f,41,32,34,34,32,32,18,1d,1d,1e,12,8,22,22,3,22,22,3f,14,24,14,35,59,4a,4c,50,82,4f,3f,80,1f,3b,42,c3,df,d3,bb,ba,ba,ba,ba,d1,e0,c6,a8,3b,2d,50,67,3a,72
1a,1f,25,35,58,4f,33,35,3f,41,2c,3e,83,34,32,2b,11,1d,1e,3,12,22,22,3,12,22,3a,3a,7f,22,c,2e,45,4c,50,35,3d,1f,3c,a7,c3,e9,d7,bc,ba,bd,bd,ba,d1,df,dd,3e,3b,40,2d,5a,66,69,3c,8e
26,26,3d,33,33,3f,33,3a,3d,41,41,3e,86,32,3b,2b,22,21,22,1e,1e,1e,3a,80,24,41,3f,3d,3f,24,24,56,45,53,33,3a,39,39,b2,df,d3,bc,bb,bd,bd,ba,bc,d8,d1,b6,1f,84,50,4e,50,59,81,67,86,6b
81,33,25,2c,2c,34,24,24,24,52,5c,41,3f,32,3b,2b,24,33,22,1e,22,14,80,66,66,53,59,6a,59,4d,5a,53,50,15,3e,16,b5,dd,df,ba,ba,ba,bd,bd,bb,df,e9,b5,3b,2c,52,82,4c,4c,35,59,53,6b,81,9c
26,35,47,4c,15,25,35,4a,4f,53,5a,5d,56,41,3e,41,56,33,33,2c,2c,24,3d,82,59,50,99,66,50,44,4c,81,3f,86,b2,d7,d8,bc,ba,be,be,ba,be,d8,df,b5,41,58,7e,5a,6c,53,59,4c,4f,58,4c,72,66,ad
58,50,4d,4c,50,4c,50,59,82,55,68,53,5a,5c,2e,34,4f,3d,4f,25,d,35,3d,3d,14,33,2b,3c,3b,3c,3c,39,b5,d9,dd,d1,ba,ba,ba,ba,bc,dd,d5,b7,52,5a,5a,6f,48,6e,44,59,4c,4f,47,4c,4c,73,8c,95
41,69,48,15,25,54,57,57,5d,59,66,4c,59,82,59,57,8b,72,8e,8b,65,69,8b,6e,4c,51,41,2b,40,39,b5,d5,d7,d1,ba,bd,bd,bd,be,d7,d7,dd,d9,c6,5e,54,2e,2e,2e,52,35,15,4f,59,47,4d,59,a2,67,93
83,69,66,45,4a,56,56,51,57,59,50,50,82,59,84,84,72,8b,69,4b,50,8d,a5,4f,3d,34,42,42,a7,d5,dd,d1,ba,bd,bd,bc,bc,d4,df,da,d7,d1,d1,e9,b1,5e,3e,18,25,34,18,33,24,35,4c,48,48,6b,92,a2
5e,6a,4d,51,4a,4a,56,51,56,58,50,59,50,82,82,59,6b,6d,6a,48,82,98,3f,3c,b5,d5,e9,d7,d7,d1,bb,ba,bd,bd,ba,d7,dd,c5,d7,d1,d1,d7,c7,ac,54,5c,2c,2c,2c,33,c,14,3d,35,4c,66,8b,73,63,73
83,65,66,53,52,52,57,53,5a,56,82,50,50,59,7e,59,6e,64,5a,56,5c,98,ac,d5,d9,df,dd,dd,dd,bc,bd,ba,ba,d1,df,c5,c7,d5,dd,d9,cd,ac,5e,5b,2d,3e,c,18,c,c,15,14,25,35,50,4d,82,8c,67,73
5b,69,6a,51,56,57,68,53,57,53,5c,5a,57,45,88,6e,50,4c,3e,54,ac,c7,eb,d7,e3,ea,d7,b9,d3,e0,be,d1,dd,d5,c5,df,d5,cd,b1,9a,5b,5b,56,7d,83,56,34,35,35,35,25,58,4f,50,4c,66,8d,8c,8c,6b
a3,81,25,4c,82,59,4c,59,50,53,5a,5a,5a,57,51,57,8a,5e,a6,c7,e9,d7,de,dc,e4,db,dc,de,bc,d4,fe,d9,d5,d7,df,d5,ac,a5,90,a1,a5,5c,2e,ac,8a,35,47,15,4c,50,15,6a,85,a5,4d,85,6a,6e,8d,72
77,5c,58,4c,59,59,15,59,81,57,50,97,7d,58,5c,5e,b3,c7,f1,dd,de,dc,e7,ce,ca,ca,ca,e4,fb,df,dd,f1,eb,d3,2f,5e,91,ac,a5,90,90,a4,57,4a,59,82,4c,59,4c,47,4d,49,44,6b,63,67,8e,6d,8e,9c
77,98,81,57,59,82,59,4c,50,5d,98,58,7d,3e,b1,c7,e9,dd,ea,de,e4,d0,ca,ca,ca,dc,e4,ce,db,de,be,d1,f1,cd,8b,95,a6,a2,89,89,89,88,5d,88,6a,6a,6a,8d,66,48,4d,67,8c,6b,67,67,8c,6d,93,ad
77,a4,81,59,82,50,82,82,4c,70,5e,57,a7,c3,f1,d7,de,e4,e4,d0,ca,ca,ca,db,e4,ce,d0,e4,e4,ce,f0,d3,bc,d8,d1,a6,77,ab,ab,a1,6e,5d,5d,57,64,49,44,43,62,66,d,50,50,59,66,82,66,a2,92,9c
7a,8e,69,6a,53,5d,56,41,83,86,5a,ad,e9,df,d3,f1,ce,ca,ca,ca,d0,e4,e4,ca,cf,e4,db,d0,ca,ca,e4,f0,d1,b9,d8,d9,97,8e,a2,75,99,66,50,4c,59,47,47,84,4c,47,48,67,44,62,6b,67,85,6d,93,95
a9,a5,8d,6e,4d,7e,97,97,97,7d,26,b2,ee,db,e4,d9,de,db,ca,ca,f0,d6,d0,e4,d0,c9,ca,ca,e4,e4,db,ee,d7,d1,df,ac,8b,9c,ab,a2,62,85,82,82,82,47,47,47,47,82,4d,66,62,44,8e,8c,6b,75,aa,ad
a9,85,8a,a5,69,7e,9a,41,5e,88,86,e3,ce,ca,ca,db,de,de,e4,d0,dc,e4,d0,ca,ca,ca,e4,dc,dc,ea,d7,bc,bc,e0,b1,ac,ab,ae,aa,aa,8c,a2,85,6a,82,4c,4f,35,50,47,66,49,ac,6b,6b,62,a2,aa,92,9c
a3,8a,88,6e,65,59,54,b7,c5,d1,dd,f0,ca,ca,c9,ca,d0,ea,d7,e4,ca,ca,ca,ca,e4,e7,dc,e3,e9,d7,df,d7,d3,d9,dd,b7,ab,ad,ad,91,ab,93,8c,67,82,50,82,4c,47,4c,44,67,67,67,62,67,67,6d,73,ad
77,84,9a,99,7e,52,d5,df,dd,d7,d1,f0,ce,c9,c9,ca,ca,d0,ec,d3,ea,ce,ca,e4,dc,ec,d7,e0,d7,b5,ab,ab,9c,ae,b5,e9,b7,ae,aa,91,a2,72,8e,6a,4c,47,4c,47,47,50,4d,6b,67,67,67,6b,67,62,73,95
5e,8b,8b,85,59,84,98,b2,a7,b1,b7,d9,db,ca,c9,ca,ca,c9,ca,dc,dd,ea,dc,f0,d9,dd,d9,b5,7b,aa,ad,ac,b2,af,af,c3,d5,6b,67,6b,99,99,84,82,84,82,47,47,59,59,59,48,4d,85,6b,63,67,67,62,9c
a6,8b,8b,6b,85,82,82,47,58,64,36,a7,de,dc,ca,ca,ca,c9,c9,ca,ec,d7,d3,c5,df,dd,a6,ae,9c,a1,ae,ae,b5,ae,ae,c6,cd,72,93,6b,85,6a,a5,b2,58,4c,47,47,4c,50,4c,59,59,6a,62,8c,8c,60,67,91
87,85,91,73,6b,85,8a,59,84,a9,98,42,b6,fb,de,e4,e4,dc,e4,dc,dd,d1,ba,f1,d1,dd,a3,aa,a5,a2,ac,af,af,ae,b7,da,ab,93,94,a5,b5,4d,85,82,15,4f,d,50,82,47,59,6a,6a,6a,49,73,72,60,8c,79
a0,69,91,93,ab,75,66,8b,8d,a0,97,a5,dd,d1,bc,ba,d1,d1,be,bc,bc,d1,d7,e9,d5,dd,c3,86,8b,ae,a5,af,af,c3,e9,a6,9c,aa,aa,93,b2,66,8d,59,47,d,47,50,59,50,50,59,50,4d,6b,6b,92,76,8c,91
a6,8b,6b,6b,93,8c,62,8a,41,23,b1,d7,d4,b9,d1,d4,d1,d1,bd,bd,d4,dd,c5,eb,b7,c6,d7,dd,d9,b2,a4,b7,da,d5,ac,ae,a9,aa,89,88,87,5d,89,68,47,47,59,66,82,66,8c,67,6b,6b,67,62,72,6d,6b,91
8a,a5,8e,8a,8c,8c,8b,4f,a8,dd,d8,bc,d1,ec,f0,ea,e3,ea,ec,d1,e9,b1,90,c3,da,c3,b2,b7,c3,c7,d5,c7,ae,ae,aa,93,71,75,53,84,83,5c,6e,57,15,15,4c,44,66,6b,49,62,8c,67,67,67,67,6d,8e,9c
87,a5,69,82,85,6b,43,56,a7,e0,b9,d7,f0,dc,dc,f0,e4,e7,db,ef,da,a8,a0,98,a6,c5,d5,cd,c5,b2,8a,8d,85,85,64,62,72,6f,5d,55,57,6f,88,5d,50,47,47,59,4d,67,62,62,6b,49,8c,67,8e,49,8e,79
8a,a5,8a,84,59,66,59,3a,39,e9,c7,f0,ce,f0,f0,ec,d6,e4,e4,d6,ef,b2,86,a3,a1,8b,8e,ac,8d,a4,a2,8e,6b,8e,6b,67,82,5c,6f,64,64,68,52,41,50,47,57,85,85,62,6b,67,62,62,67,a5,93,8e,94,9c
86,99,99,58,4c,4c,25,3e,16,d5,f0,e3,ea,f0,f0,ee,dc,db,e4,dc,e4,cd,a3,70,a3,90,a5,ab,ab,a2,a2,73,67,ab,a5,8d,6a,88,6e,75,6d,89,52,25,50,15,43,50,66,6b,49,62,67,49,6b,8c,99,8f,76,93
80,77,a2,84,4f,33,34,7f,26,b7,f0,ec,e4,f0,f0,e7,e4,e7,e7,e3,e4,ee,b6,ab,a6,ab,aa,a2,94,74,6b,75,a2,a2,93,6b,6b,8c,66,99,6a,59,59,d,4e,15,d,43,4b,61,65,6a,48,66,99,8a,8d,a1,77,8e
7f,6d,8c,84,35,14,24,1e,22,cd,f0,e4,ec,f0,e4,f0,dc,dc,e7,e4,dc,f0,da,98,a6,ab,a5,a1,aa,a2,93,62,93,8e,8e,6b,a2,8e,85,8d,6a,82,4c,4c,d,15,d,43,46,4b,4b,6a,4d,44,66,6a,48,89,a1,8e
3c,6f,4d,50,35,24,24,22,26,da,f0,e7,e3,e4,f0,e4,e4,dc,f0,e3,ec,db,ec,c7,98,a4,a4,a4,a5,a5,ab,93,a2,a2,a2,a2,6b,72,4d,59,6a,4d,4c,46,46,d,43,4b,43,4b,65,48,4d,85,66,8d,66,6e,77,8e
3c,6c,89,59,25,25,3e,2b,1a,d9,e3,e4,d6,f0,e4,f0,e3,de,f0,db,ea,e3,dc,fb,b5,a0,a6,ab,ac,a5,ab,aa,a2,93,a2,a5,a2,8c,6b,85,8b,50,4c,46,3,15,15,43,4b,65,69,4d,4d,6a,6a,66,4d,6e,6d,8b
5e,4d,6b,8d,50,59,35,35,35,cd,f0,e4,e7,e7,f0,da,40,a6,d3,ec,e7,db,dc,ec,e9,b1,6f,9c,84,70,a2,a1,8f,a2,8f,a5,aa,85,6a,50,50,58,35,25,14,d,8,24,35,35,35,47,66,48,6a,4c,4c,55,77,9c
40,69,69,8b,82,52,4f,33,81,c3,f0,e4,e3,f0,f0,ef,c7,c7,de,e4,e4,e7,e7,dc,ea,d5,86,98,8e,5c,87,88,6e,6d,a5,a2,8f,85,6a,66,81,33,34,15,1e,14,c,12,3,14,14,25,4d,67,67,50,4f,5d,75,9c
3b,69,69,35,58,33,33,33,80,b5,f0,ec,f0,e3,e4,f0,f0,e4,dc,e4,e7,e7,e7,f0,e4,fb,c3,83,5d,3d,87,87,8a,6f,6c,75,6d,66,6a,59,50,35,3e,2c,33,1e,1e,1b,8,3,a7,35,84,8e,49,66,4c,5c,77,91
40,69,46,15,15,24,3a,22,3a,d,ee,ea,f0,f0,f0,f0,db,f0,ec,e4,db,dc,ec,dc,ce,f0,ea,b5,3b,81,83,41,56,87,6e,6e,90,6a,82,66,59,81,2c,3d,22,12,1e,8,8,8,3,25,15,67,49,67,25,52,6c,8b
41,7e,46,3d,24,24,3a,21,39,30,d6,db,f0,f0,dc,f0,e7,e4,f0,f0,e7,f0,f0,e4,dc,dc,f0,d9,23,4b,56,3d,41,5c,52,53,a4,5d,50,4f,52,15,58,3d,24,3,c,c,24,c,14,25,4c,6a,4d,66,4f,2e,51,69
3e,69,46,33,25,24,c,33,c,37,b7,f0,f0,f0,f0,f0,ce,f0,e7,dc,f0,ea,ee,d6,f0,e3,c5,86,4f,75,5e,41,41,86,3e,41,41,41,3f,4f,25,1f,1a,1a,22,24,8,12,14,22,7f,3d,24,33,33,24,35,52,5a,69
2d,69,4e,c,e,24,33,24,25,20,75,ee,ec,e7,db,e7,f0,e4,f0,dc,f0,e3,ec,eb,c3,55,99,84,57,56,34,3e,34,98,18,a7,3e,41,41,2e,24,1a,1f,3,1e,8,c,12,14,c,1e,33,14,33,33,14,25,4a,51,66
42,4e,4e,14,e,24,14,3d,14,3e,7f,b7,ea,e4,f0,db,f0,f0,e4,f0,ea,ea,c3,42,42,5e,6f,89,5c,3e,3e,52,41,34,3e,41,41,86,34,34,24,1a,1a,f,1e,12,3,12,8,12,3c,14,3f,14,3d,33,3f,5d,5a,69
36,7d,4e,25,d,c,2c,2c,14,1c,6a,6b,de,f0,dc,f0,ec,db,f0,e3,c3,23,a0,86,86,4f,5e,5e,41,41,34,33,86,41,81,86,83,41,3e,33,14,1a,3,26,14,5,0,3,8,8,12,33,24,15,81,58,33,5d,6f,4d
20,d,35,3d,3,c,b,14,14,3a,33,50,b5,f0,e3,e4,f0,ec,c7,4f,5c,83,7b,89,5d,56,41,87,56,56,53,2e,54,5a,6f,6c,8a,87,5c,3e,2c,3c,c,c,1e,21,1,4,2,1e,12,3c,3d,35,3d,25,59,6e,6c,65
19,d,33,14,3a,c,14,1e,3a,7,13,13,16,d5,ee,f0,c3,a7,56,87,57,57,6e,5d,4a,4a,4a,51,57,5d,5a,51,55,55,a1,6e,6e,8a,5a,3e,34,22,22,24,22,8,2,2,12,3,12,22,22,24,33,4c,50,45,6c,6a
19,7d,24,c,8,8,12,22,1e,8,b,20,37,a7,b7,19,98,88,8a,5a,87,88,87,53,51,5a,53,45,53,5a,5a,6f,5d,90,6e,ab,77,6f,56,41,3e,33,1e,3a,3a,1e,8,3,7,11,22,22,14,24,33,50,82,51,45,4d
21,15,d,8,14,14,14,3a,34,d,25,2e,54,28,3d,3f,6e,77,a4,8a,88,86,41,5d,5a,5c,57,57,54,5a,a4,6f,a4,77,89,8f,a1,87,87,41,3e,3d,22,3a,38,11,22,8,1e,39,1e,22,33,3d,24,4a,50,4a,45,66
1d,1f,4f,3a,22,3a,38,3a,38,21,37,2a,2f,5e,34,3e,6e,88,5d,83,56,3e,52,5c,83,a4,5e,56,87,87,8a,6f,8a,77,5a,6f,6f,87,87,56,3e,33,22,3a,21,1d,39,21,12,3a,3c,33,80,80,3d,35,58,52,5a,82
ef,ff,ff,fb,ff,fe,fe,fb,ff,fe,fe,ff,fd,fd,f6,f8,fe,fb,f6,f6,ff,fe,f8,ff,ff,ff,ff,fb,fb,ff,fd,f7,f3,fb,ef,eb,eb,f3,eb,eb,ed,f3,fd,fb,fb,f8,ff,ff,f8,f8,f8,f8,f8,f8,f8,fb,fb,f8,fb,fb
fb,fd,f9,f7,f7,fa,fa,fa,fc,fc,f9,fe,fc,f4,fc,f9,fa,fa,f4,f5,b2,cd,b6,cd,ed,d5,42,d5,eb,a8,fe,dd,a7,eb,d5,b1,cd,fa,c3,b2,d5,f2,f4,fc,f7,fc,f9,fc,f9,f9,fc,fd,f9,f7,f3,f2,f3,f3,fb,f6
f7,f9,fc,fd,fe,fd,fe,fe,fd,fe,f8,f8,f2,f6,f3,f8,f6,fa,f4,fa,b5,b2,b6,fe,ed,d5,b6,c3,c5,a8,ff,dd,a8,eb,d5,b2,cd,fe,c3,b5,d5,f8,f3,f3,f8,f6,fb,fb,f6,fb,fb,fb,f8,f8,f8,fb,f6,ef,f3,f6
f9,fc,fe,fc,fc,fe,ff,fe,fc,f9,f7,fc,f9,f4,fc,f9,fa,fa,f7,fa,b6,d5,c6,c3,eb,d5,c3,f7,c7,b6,ff,e9,b5,f2,d9,cd,ff,fa,c6,b7,cd,f8,fc,f2,fc,ed,f3,f3,f7,f4,f6,fb,fb,fd,fb,fb,f8,f3,f7,f2
fc,fc,fc,fa,fa,fd,f7,f4,fa,fa,f9,f9,f9,f7,fa,f7,f7,f7,f3,f7,f7,f4,fe,f3,f4,fc,f7,f7,fc,fa,fe,ff,fd,fd,fd,fe,fa,f7,fa,fc,f9,f9,fc,fa,f7,f7,f7,fb,f7,f7,fb,fd,fe,fe,fe,fd,fd,fb,fe,fc
dd,dd,dd,dd,dd,da,da,da,da,da,d9,d9,d9,d9,d9,d5,d5,d5,d5,d5,d5,d5,d5,d5,d5,d5,d5,d5,cd,d5,cd,cd,cd,cd,cd,cd,cd,cd,cd,cd,cd,cd,cd,cd,cd,cd,cd,c7,c7,c7,c7,c7,c7,c7,c7,c7,c7,c6,c6,c6
25,2b,32,22,3c,3c,80,a8,3a,1c,23,23,37,37,37,23,30,2a,3b,16,2b,3b,3a,1d,3a,3a,3a,3a,21,32,b,32,41,32,41,41,3e,48,66,82,81,3f,3f,4f,35,3d,24,50,92,a9,95,95,af,af,ad,7b,a9,8c,a7,52
25,14,18,c,c,8,12,f,12,11,2,0,2,2,10,10,1d,2,7,1,1d,10,1c,0,11,6,2,10,1c,11,22,3a,22,22,1e,22,1d,20,c,4c,73,95,7b,73,6b,8b,71,ad,af,af,af,af,af,af,7b,78,76,75,98,67
26,24,18,18,15,14,3,8,3,2,6,2,1d,2,6,1d,7,10,0,80,25,ac,41,4,4,20,20,6,0,a7,8,1d,21,3a,1e,12,1d,13,9,24,15,65,72,8,21,39,21,1e,3d,4f,46,50,7d,34,86,3b,80,50,81,62
d,14,34,2c,c,22,8,8,8,7,7,7,38,0,7,7,0,1,1,8,59,49,59,1d,0,0,2,2,2,7,12,8,8,21,3a,22,2a,9,2,11,7,5,19,5,7,11,13,2,23,37,6,0,6,1c,6,16,18,15,33,48
46,24,24,24,24,24,22,11,2,11,2,7,11,2,6,2,6,1,1,2,24,3f,22,4,1,7,2,0,2,86,1d,11,9,1e,3a,11,2a,17,4,7,1d,19,19,1a,33,d,25,15,14,c,3,5,3,3,3,9,18,35,39,47
47,3a,24,25,c,24,7f,38,38,6,37,0,20,1c,11,9,16,4,7,7,2,11,10,1,0,2,9,2,9,11,22,21,21,32,21,21,12,17,32,2,3,3,5,1d,7,8,21,2b,33,12,f,5,0,0,2,6,16,24,39,4c
51,22,7d,99,47,80,86,b5,d9,f5,e9,d5,d5,cd,b5,86,27,a,6,5,f,10,10,1,6,30,9,b,86,83,1e,39,3c,3a,22,21,1e,14,33,3a,3c,3a,3a,33,14,c,33,3c,3f,3c,1f,f,6,0,f,5,5,1e,31,4c
53,33,26,66,82,81,3a,38,20,b1,c5,df,bc,bc,d1,d5,d5,cd,b1,13,13,23,2,13,20,2a,9,2b,32,3b,3a,3a,7f,7f,3a,3a,3a,33,24,24,22,12,3a,22,3c,1e,3a,33,24,14,f,5,5,0,0,5,3,8,2c,73
68,22,4e,6a,8a,50,25,32,12,0,19,b1,d5,d4,b9,b9,b9,bc,d1,dd,b7,13,37,16,2a,17,c,33,e,18,33,18,14,3f,3f,33,24,22,7f,7f,24,c,33,3a,1e,1e,33,c,1e,c,5,0,5,0,0,5,3,4c,50,73
55,33,7d,69,48,4c,59,47,d,1a,3,19,11,c7,d7,b9,b9,b9,b9,b9,d1,d9,c5,16,2b,c,18,52,e,14,24,2c,3d,3d,58,25,24,3a,3c,22,3a,24,c,c,24,24,24,24,12,c,3,3,3,3,3,f,d,48,44,71
5a,68,46,35,18,24,1e,3b,b,3,3,1a,6,13,c5,dd,b9,b9,b9,b9,b3,b3,d1,d5,b6,20,1c,38,28,54,41,2c,41,3e,41,24,24,3c,3a,c,1e,8,8,8,33,33,33,22,12,1e,3a,3,5,26,33,24,c,15,50,78
5a,45,46,15,d,24,3a,1e,22,5,5,5,1e,2a,27,d9,d7,b3,b9,b9,b3,b9,b9,bc,dd,c5,13,1c,2b,3e,34,34,83,2b,3e,3e,3d,7f,24,24,14,12,1e,14,3d,3d,3a,3a,1e,31,39,11,21,3c,3a,33,33,3c,7f,62
5a,55,69,50,d,4f,c,12,14,1e,1d,12,2b,9,2d,a0,e9,bc,b9,b9,b9,b9,b9,b9,b3,d7,c7,42,86,24,2c,41,83,2c,41,41,80,3f,24,3d,35,24,24,33,3f,3d,3a,39,22,17,22,12,1e,14,33,3e,14,22,38,66
5a,55,4b,48,4c,4c,98,4f,33,22,9,9,c,25,35,52,b2,f1,b3,b9,b9,b9,b9,b9,b9,b3,d7,cd,6,41,34,34,3e,86,3e,41,81,50,47,4c,50,50,25,84,4f,80,3a,22,22,22,22,12,22,14,24,18,d,8,22,5f
77,5d,4b,4d,4d,50,81,58,3a,32,32,17,22,33,52,84,7f,d5,d5,b9,b9,b9,b9,b9,b9,b9,b9,d7,c3,40,32,3d,3e,52,34,3f,81,82,59,50,50,44,47,4f,58,15,4f,3c,22,1e,1d,1d,22,3a,14,14,d,24,24,71
7a,6c,4c,52,5d,83,3e,41,33,33,3c,33,1e,3a,3c,3c,3d,86,eb,bc,b9,b9,b9,b9,b9,b9,b9,b3,d1,b2,83,28,54,6c,51,3f,4c,66,6a,6a,59,4d,48,66,4d,8d,84,58,35,35,33,c,14,24,33,33,25,e,14,5f
7b,6c,50,5a,57,87,83,34,2c,7f,26,3d,33,3d,3c,1f,3e,80,b5,e9,b9,b9,b9,b9,b9,b9,b9,b9,b9,f1,a8,41,87,88,5a,54,5a,6a,69,85,6a,6a,48,6a,66,4d,4c,4f,33,24,14,3a,22,12,22,1e,4f,15,3d,63
a9,55,59,57,57,3e,41,3b,3e,14,3d,3c,33,3d,3f,3a,5b,26,f,d5,d1,b9,b9,b9,b9,b9,b9,b9,b9,d1,dd,86,58,6a,77,70,70,85,85,8d,8d,6a,66,85,66,8d,84,35,4f,14,24,33,14,24,33,33,4f,33,24,72
7a,53,50,5a,54,3e,41,3e,3e,22,24,7f,3f,14,a7,32,5b,80,19,6,dd,bc,b9,b9,b9,b9,b9,b9,b9,b3,dd,c6,98,8b,8b,77,6f,8d,ab,8a,6a,66,85,66,6a,85,59,4f,3d,3d,24,3d,24,24,33,24,33,33,3d,67
7a,5d,50,6e,68,89,53,5c,34,3a,22,24,24,3a,3c,3d,5e,80,26,58,b7,df,b9,b9,b9,b9,b9,b9,b9,b9,b9,f1,b3,a4,85,a5,a1,a1,89,68,5d,56,52,87,a4,5c,25,34,3e,2c,24,24,33,3f,3e,41,35,59,59,72
a9,68,6a,89,89,90,6e,5c,57,4f,1b,3d,24,22,3c,3d,3b,24,15,d,42,c6,d5,b9,b9,b9,b9,b9,b9,b9,b9,bc,df,a8,5d,8f,94,8f,6d,89,88,5d,a6,52,87,98,3e,41,41,3e,e,34,34,41,a0,86,2e,50,4a,94
7a,8a,8a,a5,90,68,5a,56,51,4f,d,15,2e,3d,33,24,4a,45,4f,35,2d,a6,df,bc,b9,b9,b9,b9,b9,b9,b9,b9,d7,d5,b1,a4,aa,75,8a,5c,83,a4,89,53,51,a0,56,56,5c,51,53,4a,57,53,4a,5a,82,66,4d,93
a3,a1,99,8c,6e,6e,55,57,52,88,59,50,82,59,50,4c,49,8d,25,41,83,5e,c3,df,b9,b9,b9,b9,b9,b9,b9,b9,b9,eb,b2,82,85,c3,d9,e9,d5,b2,a6,a4,6e,89,88,6f,90,6e,57,55,55,68,5d,90,67,8c,ab,95
94,8f,99,a2,90,6e,53,56,52,57,82,50,82,82,59,84,85,85,52,41,5c,57,a1,d5,d5,b9,b9,b9,b9,b9,b9,b9,b9,c5,dd,b1,b2,ed,b2,c5,c3,eb,a7,88,89,90,6e,6d,6f,6f,6e,6e,68,68,5d,68,48,64,6b,79
91,93,86,89,88,57,8a,83,2e,45,4d,59,59,6a,66,66,82,84,82,48,85,66,5d,a7,e9,bc,b9,b9,b9,b9,b9,b9,b9,b9,d7,d5,b5,e9,c5,eb,b6,ed,a4,a5,a2,8f,6d,a2,8f,75,6a,6a,66,85,6a,85,6b,73,8c,91
9c,93,5c,6f,53,57,87,41,34,2e,59,82,59,82,59,84,66,6a,85,6a,84,85,4c,3f,c3,e0,b3,b9,b9,b9,b9,b9,b9,b9,bc,df,b7,b5,c5,d5,dd,b7,8d,ab,a5,a2,ab,a5,64,8e,66,4d,66,66,6a,8d,8e,93,8e,a9
9c,a9,98,68,68,57,87,83,3e,3e,a6,84,4c,81,58,50,50,6a,84,44,66,85,4b,46,83,d7,d1,b9,b9,b9,b9,b9,b9,b9,b9,d1,e9,d5,cd,c3,b2,a4,a2,ac,a5,a5,a2,8c,8b,8b,85,85,66,6a,85,8d,8d,a5,a2,a9
95,7b,98,89,68,56,5c,83,41,2c,3d,35,98,80,80,3d,59,6a,6a,44,4d,66,69,69,88,b2,dd,bc,b9,b9,b9,b3,b9,d3,da,d9,c5,86,a6,a4,ab,93,9c,8c,8b,69,a5,69,8e,8b,69,8d,85,4d,85,99,8e,8c,a5,a9
79,a9,90,51,4a,55,8a,5c,52,e,52,52,41,83,56,83,34,98,82,64,68,55,82,72,6d,a0,c3,dd,b3,c5,d3,ee,f0,e8,e6,f0,f0,d9,b5,a0,ac,79,89,6e,8e,73,ab,69,69,8b,6a,6a,85,6a,66,8d,8d,66,66,93
8e,76,6f,55,53,4a,4a,5a,4a,41,3e,2e,41,41,83,3e,83,56,a4,6e,6e,55,53,47,81,a8,b7,ed,eb,de,e7,e3,e6,e5,e5,e8,e8,e8,ec,b1,ac,93,a2,5d,6a,8e,a2,6b,67,6a,6a,66,48,66,82,8d,66,6a,59,73
4e,93,68,53,53,51,5a,53,4a,2e,34,18,3e,41,3e,3e,3e,5c,55,89,8a,5d,86,b7,d5,e9,cd,97,4e,e3,e6,e6,e6,c1,c1,c1,c4,e6,e8,e3,9b,ab,94,85,88,82,8d,8a,8d,82,84,59,59,82,59,4c,4f,47,44,72
99,6b,89,88,57,5d,6f,5d,52,3e,34,2c,34,83,34,3e,52,51,68,6d,a1,b5,e9,cd,cd,c7,b7,97,ac,da,e8,e5,c1,c1,c1,c1,e5,e6,e8,e8,c5,42,a2,8e,99,8a,84,5d,81,50,35,25,35,35,4f,25,4c,82,82,72
7e,6e,89,5a,53,57,5a,57,56,52,4f,15,86,3e,41,3d,2e,6e,6d,55,53,d5,c7,c5,dd,b2,e9,b6,85,b8,e7,e8,e8,e5,c4,c1,e6,e8,e8,e3,eb,b6,87,8d,5c,8a,8a,5c,58,58,35,35,33,2e,4f,58,45,82,84,6b
72,8a,73,5a,6e,88,56,3e,2e,59,50,4c,50,50,59,4f,26,4f,67,6b,a4,b5,e9,c5,b6,c7,eb,a8,57,7f,da,e6,e8,e6,e8,e8,e6,e6,e8,da,da,e9,a8,a4,a0,86,86,86,41,86,56,52,56,53,89,89,5d,4c,4f,6b
91,a4,76,a1,a1,a4,54,3e,41,4f,4c,4c,4c,59,82,84,86,4f,4d,6a,82,98,a8,c3,c5,b7,a8,a7,51,98,b2,e8,e5,da,e6,e6,e8,e6,e5,e8,e8,e8,da,5b,86,a7,5c,a4,a0,86,86,41,5c,5a,6e,6e,6c,84,99,8c
9c,a5,94,89,a4,a4,54,41,34,81,8a,4c,4c,50,59,84,41,22,3d,59,59,58,81,34,52,56,88,88,57,80,3c,d9,e9,e3,e6,e6,e8,c8,e5,e6,e8,e8,e8,b7,86,a7,88,90,5c,83,80,41,87,6f,6e,90,5d,8a,a4,a2
91,8a,94,90,68,57,53,35,34,35,47,50,59,59,50,59,3f,22,3d,41,84,6a,48,5d,6e,60,94,ab,5d,83,39,a8,eb,e8,e6,e8,e5,c1,c1,c1,c1,e7,e8,ed,a7,98,a5,8f,57,98,86,56,5c,57,6f,88,90,a6,98,8e
a5,6d,8f,89,a4,5c,5c,33,41,24,25,58,35,35,33,c,3a,33,14,3e,59,59,59,25,47,57,85,5c,86,51,71,65,b5,e8,e8,cf,c1,c1,c1,c1,e6,e8,e6,e8,d5,5b,a3,95,8b,84,5e,5c,83,34,4f,58,4f,83,3f,6b
7e,93,8d,8d,82,50,58,81,33,58,3d,22,7f,33,7f,24,3d,3c,22,24,35,84,4f,d,8,4f,33,3f,98,3f,37,1f,19,cd,f0,e8,e8,e7,d6,cd,e8,e8,e8,da,e9,b7,86,7e,7e,6f,5e,83,3f,2e,24,1a,7d,33,3d,6a
8d,6d,6d,6b,6b,6a,82,59,35,25,33,3d,3d,24,1e,3a,3a,7f,3a,3f,25,4c,35,25,14,58,25,3f,24,3f,1f,41,87,65,e3,e8,e6,e7,e7,e8,e8,e8,e3,e3,da,e9,9b,86,89,6d,41,24,3d,58,15,46,4a,24,24,67
9a,63,6d,62,6b,a5,8d,59,50,4f,3a,80,7f,33,1e,12,12,7f,3a,14,25,4c,58,e,3,3d,34,35,24,4c,46,6c,5e,41,b5,eb,da,da,e8,e8,e8,f0,e8,e8,e8,e8,da,a3,ac,c5,d5,c7,b6,20,34,28,25,14,2c,66
a5,a2,89,6b,63,ab,44,4c,4d,25,14,33,3a,33,3f,22,24,1e,c,c,25,4f,25,b,1e,33,33,24,4f,1e,13,9,26,97,1d,c5,eb,e8,e6,e6,e5,c1,e5,e5,e5,e6,e8,b7,c5,d9,c3,e9,ed,c5,37,86,86,3e,3d,66
8b,8d,80,59,50,82,15,4c,59,47,35,15,24,d,14,12,f,f,5,5,1a,1f,1f,8,12,12,38,1d,1d,3c,22,8,12,11,23,30,da,e8,e6,e8,c4,c1,c1,c1,c1,e6,e8,eb,c3,d5,b2,c6,e9,eb,a7,5b,7e,4c,3d,84
72,6a,80,50,35,52,52,2e,15,25,25,4f,14,24,24,1e,f,5,19,5,5,5,1a,2,8,2,12,12,1d,12,1d,3,3a,21,1d,21,ac,e7,e8,e3,c1,c1,c1,c1,e6,e6,e8,e3,d9,c5,c3,eb,da,eb,a8,59,4e,50,3f,4f
91,4d,41,3f,33,33,33,24,c,14,33,24,1e,12,11,7,3,5,5,0,5,5,f,11,0,3,7,8,3,11,21,12,1d,1e,3c,35,37,b7,e8,e6,e6,e7,e3,c8,f0,e8,e3,d5,d5,d5,da,cd,da,d9,26,89,51,45,33,4f
a5,6a,41,33,3a,1e,3a,3a,1e,33,3a,c,3,1,0,0,0,5,0,0,5,5,5,8,4,2,3,8,8,11,1e,12,b,24,35,50,7d,47,c7,e8,e5,e8,e8,e8,e8,da,cd,d5,d5,cd,da,eb,e9,40,66,51,3e,50,98,84
8b,52,51,22,14,14,3a,3a,3a,1e,14,3,8,2,0,0,2,3,0,1,1e,14,8,1,3,8,8,3d,14,14,3c,11,f,8,33,4f,26,13,23,c6,eb,da,e5,cd,cd,d5,cd,d5,da,eb,f4,c5,a8,39,52,5d,2e,50,3a,59
7e,40,60,3c,3a,3a,1e,8,c,22,1e,3,12,12,11,7,7,1e,8,c,14,c,24,7,3,12,24,c,14,14,1e,1e,14,8,22,8,3,c,18,22,b2,d5,e9,eb,eb,eb,ed,eb,da,b7,7d,9b,7d,7d,3d,5e,54,4d,3f,81
47,39,6d,3a,33,3d,14,24,24,1e,12,1e,2,1e,1d,7,11,21,7,1,8,3d,1e,0,0,11,12,22,14,22,3,8,9,8,11,11,8,33,28,27,27,9,1f,a8,a8,a8,a8,10,1f,7d,69,65,46,50,3d,34,52,4d,3f,84
50,31,6d,7f,22,1e,22,1e,14,1e,14,1e,12,21,7,6,10,1d,2,21,12,1e,7,0,2,0,11,3,8,3,8,11,2,3,7,2,5,2,13,13,13,13,16,27,28,f,19,7d,46,65,55,5d,4a,5a,83,33,25,4c,58,98
50,31,49,7f,24,3d,c,8,24,14,8,12,3,21,11,10,13,10,10,2,12,11,11,6,2,10,1,1,7,0,0,7,9,6,2,0,2b,c,1,11,5,5,f,d,c,1e,9,22,1a,26,40,86,3b,41,32,35,25,4c,58,84
50,34,34,22,14,24,12,8,8,6,0,6,1c,6,2,6,7,1e,12,22,3,3a,38,1d,0,12,8,8,0,1,8,12,7,6,11,20,1,8,7,11,7,f,8,2c,b,18,c,2b,32,34,3d,3f,3f,24,33,24,17,2c,5c,6d
46,3e,3b,2a,17,38,3a,b,17,20,13,6,6,13,2,2,13,20,4,9,16,13,2a,9,1c,11,10,7,7,7,21,21,38,30,2,6,2,1,2,2,6,10,2,9,28,9,39,39,39,39,3c,3c,3c,22,1e,22,12,24,3e,57
97,86,86,40,a7,a0,a7,a7,a8,a7,a8,a8,a8,a8,b1,b1,b1,b1,b2,b2,b2,b2,b5,b5,b5,b5,b5,b5,b5,b5,b5,b6,b6,b5,b6,b6,b6,b6,b7,b7,b7,b7,c3,b7,c3,c3,c3,c3,c3,c3,c3,c3,c3,c3,c3,c3,c3,c5,c5,c5
